Категория	Место	Код	Приоритет	Вид испытания	Математика	Информатика	Русский язык	ИД	Балл ВИ	Балл ВИ+ИД	Преимущественное право	Основной высший приоритет	Высший проходной приоритет	Согласие	Олимпиада
Без вступительных испытаний	1	1178188	1					10				да	да	да	Открытая олимпиада школьников I ур., призер 2026
Без вступительных испытаний	2	1433807	1					5				да	да	да	Открытая олимпиада школьников I ур., призер 2026
Без вступительных испытаний	3	1204266	1					0				да	да	да	Олимпиада школьников "Ломоносов" I ур., призер 2026
Без вступительных испытаний	4	1845738	1					0				да	да	да	Открытая олимпиада школьников I ур., призер 2026
Без вступительных испытаний	5	1977751	1					0				да	да	да	Олимпиада школьников "Покори Воробьёвы горы!" I ур., призер 2026
Без вступительных испытаний	6	1252477	1					3				да	да	да	Университетская олимпиада школьников "Бельчонок" II ур., победитель 2026
Без вступительных испытаний	7	1728074	1					2				да	да	да	Олимпиада Курчатов II ур., победитель 2026
Без вступительных испытаний	8	1637658	1					0				да	да	да	Олимпиада школьников "Физтех" II ур., победитель 2025
Без вступительных испытаний	9	1192720	1					0				да	да	да	Университетская олимпиада школьников "Бельчонок" II ур., победитель 2026
Без вступительных испытаний	10	1617064	1					10				да	да	да	Университетская олимпиада школьников "Бельчонок" II ур., призер 2026
Без вступительных испытаний	11	1610920	1					10				да	да	да	Олимпиада школьников "Шаг в будущее" II ур., призер 2025
Без вступительных испытаний	12	1166268	1					9				да	да	да	Отраслевая физико-математическая олимпиада школьников "Росатом" II ур., призер 2026
Без вступительных испытаний	13	1997475	1					7				да	да	да	Всесибирская открытая олимпиада школьников II ур., призер 2026
Без вступительных испытаний	14	1351630	1					6				да	да	да	Университетская олимпиада школьников "Бельчонок" II ур., призер 2026
Без вступительных испытаний	15	1649098	1					5				да	да	да	Университетская олимпиада школьников "Бельчонок" II ур., призер 2025
Без вступительных испытаний	16	1245514	1					5				да	да	да	Университетская олимпиада школьников "Бельчонок" II ур., призер 2026
Без вступительных испытаний	17	983814	1					3				да	да	да	Межрегиональная олимпиада школьников на базе ведомственных образовательных организаций II ур., призер 2024
Без вступительных испытаний	18	2041676	1					3				да	да	да	Олимпиада Курчатов II ур., призер 2026
Без вступительных испытаний	19	1257479	1					3				да	да	да	Олимпиада школьников "Гранит науки" II ур., призер 2026
Без вступительных испытаний	20	1608891	1					3				да	да	да	Олимпиада школьников "Физтех" II ур., призер 2026
Без вступительных испытаний	21	1637765	1					3				да	да	да	Олимпиада школьников "Гранит науки" II ур., призер 2026
Без вступительных испытаний	22	1665106	1					3				да	да	да	Межрегиональная олимпиада школьников им. И.Я. Верченко II ур., призер 2025
Без вступительных испытаний	23	1784905	1					2				да	да	да	Университетская олимпиада школьников "Бельчонок" II ур., призер 2025
Без вступительных испытаний	24	1574876	1					2				да	да	да	Олимпиада Курчатов II ур., призер 2026
Без вступительных испытаний	25	1769684	1					2				да	да	да	Отраслевая физико-математическая олимпиада школьников "Росатом" II ур., призер 2026
Без вступительных испытаний	26	1557556	1					2				да	да	да	Объединенная межвузовская математическая/физическая олимпиада школьников II ур., призер 2025
Без вступительных испытаний	27	1439931	1					2				да	да	да	Отраслевая физико-математическая олимпиада школьников "Росатом" II ур., призер 2026
Без вступительных испытаний	28	1775723	1					0				да	да	да	Отраслевая физико-математическая олимпиада школьников "Росатом" II ур., призер 2025
Без вступительных испытаний	29	2056091	1					0				да	да	да	Объединенная межвузовская математическая/физическая олимпиада школьников II ур., призер 2026
Без вступительных испытаний	30	1493878	1					0				да	да	да	Олимпиада школьников "Гранит науки" II ур., призер 2026
Без вступительных испытаний	31	1574162	1					0				да	да	да	Олимпиада школьников "Гранит науки" II ур., призер 2026
Без вступительных испытаний	32	1158863	1					0				да	да	да	Олимпиада школьников "Физтех" II ур., призер 2026
Без вступительных испытаний	33	1162229	1					0				да	да	да	Олимпиада Курчатов II ур., призер 2026
Без вступительных испытаний	34	2052626	1					0				да	да	да	Открытая олимпиада школьников по программированию "Когнитивные технологии" II ур., призер 2026
Без вступительных испытаний	35	2054446	1					7				да	да	да	Олимпиада школьников "Шаг в будущее" III ур., победитель 2026
Без вступительных испытаний	36	1771081	1					2				да	да	да	Университетская олимпиада школьников "Бельчонок" III ур., победитель 2026
Без вступительных испытаний	37	1605507	1					0				да	да	да	Университетская олимпиада школьников "Бельчонок" III ур., победитель 2026
Без вступительных испытаний	38	1115754	1					0				да	да	да	Олимпиада школьников "Шаг в будущее" III ур., победитель 2026
Без вступительных испытаний	39	1249480	1					0				да	да	да	Всероссийская междисциплинарная олимпиада школьников 8-11 класса "Национальная технологическая олимпиада" III ур., победитель 2026
Без вступительных испытаний	40	1132887	1					0				да	да	да	Олимпиада школьников "Шаг в будущее" III ур., победитель 2025
Без вступительных испытаний	41	1276909	1					10				да	да	да	Всероссийская междисциплинарная олимпиада школьников 8-11 класса "Национальная технологическая олимпиада" III ур., призер 2026
Без вступительных испытаний	42	1349726	1					10				да	да	да	Всероссийская междисциплинарная олимпиада школьников 8-11 класса "Национальная технологическая олимпиада" III ур., призер 2026
Без вступительных испытаний	43	1485346	1					7				да	да	да	Всероссийская междисциплинарная олимпиада школьников 8-11 класса "Национальная технологическая олимпиада" III ур., призер 2026
Без вступительных испытаний	44	1168504	1					6				да	да	да	Всероссийская междисциплинарная олимпиада школьников 8-11 класса "Национальная технологическая олимпиада" III ур., призер 2026
Без вступительных испытаний	45	1849724	1					5				да	да	да	Всероссийская междисциплинарная олимпиада школьников 8-11 класса "Национальная технологическая олимпиада" III ур., призер 2026
Без вступительных испытаний	46	1586867	1					0				да	да	да	Всероссийская междисциплинарная олимпиада школьников 8-11 класса "Национальная технологическая олимпиада" III ур., призер 2026
Особая квота	47	1401780	3	ЕГЭ	96	98	97	3	291	294	нет	нет	нет	нет	
Особая квота	48	1526498	2	ЕГЭ	96	100	83	3	279	282	нет	нет	нет	да	
Особая квота	49	1287390	2	ЕГЭ	94	90	86	10	270	280	нет	нет	нет	да	
Особая квота	50	1654925	2	ЕГЭ	86	98	89	3	273	276	нет	нет	нет	нет	
Особая квота	51	1641943	5	ЕГЭ	94	88	89	3	271	274	нет	нет	нет	нет	
Особая квота	52	1798672	1	ЕГЭ	92	90	89	0	271	271	нет	да	да	да	
Особая квота	53	986890	1	ВИ	84	88	92	7	264	271	нет	да	да	да	
Особая квота	54	1566496	3	ЕГЭ	97	85	81	5	263	268	нет	нет	нет	нет	
Особая квота	55	1177122	3	ЕГЭ	80	95	89	0	264	264	нет	нет	нет	нет	
Особая квота	56	989247	1	ЕГЭ	88	85	83	7	256	263	нет	да	да	да	
Особая квота	57	1334165	4	ЕГЭ	88	83	91	0	262	262	нет	нет	нет	нет	
Особая квота	58	1442323	1	ЕГЭ	90	83	81	3	254	257	нет	да	нет	нет	
Особая квота	59	1178970	2	ЕГЭ	88	85	83	0	256	256	нет	да	нет	нет	
Особая квота	60	997401	2	ЕГЭ	68	93	87	6	248	254	да	нет	нет	да	
Особая квота	61	1234852	4	ЕГЭ	90	75	83	3	248	251	нет	нет	нет	да	
Особая квота	62	1846736	2	ЕГЭ	86	78	81	3	245	248	нет	да	нет	нет	
Особая квота	63	1625448	4	ЕГЭ	94	70	83	0	247	247	нет	нет	нет	нет	
Особая квота	64	1447639	3	ЕГЭ	95	78	69	2	242	244	нет	нет	нет	нет	
Особая квота	65	1184848	1	ЕГЭ	86	70	86	2	242	244	нет	нет	нет	нет	
Особая квота	66	1367609	2	ЕГЭ	78	88	75	0	241	241	нет	нет	нет	нет	
Особая квота	67	1911953	3	ЕГЭ	88	85	67	0	240	240	нет	нет	нет	нет	
Особая квота	68	1076573	1	ЕГЭ	84	70	70	4	224	228	нет	нет	нет	нет	
Особая квота	69	1477035	3	ЕГЭ	80	78	69	0	227	227	нет	нет	нет	нет	
Особая квота	70	993332	1	ЕГЭ	74	70	83	0	227	227	нет	нет	нет	нет	
Особая квота	71	1624573	2	ЕГЭ	80	83	60	2	223	225	нет	нет	нет	нет	
Особая квота	72	1625507	5	ЕГЭ	82	78	64	0	224	224	нет	нет	нет	нет	
Особая квота	73	1698120	5	ЕГЭ	80	70	73	0	223	223	нет	нет	нет	нет	
Особая квота	74	1613530	1	ЕГЭ	72	72	78	0	222	222	нет	нет	да	да	
Особая квота	75	1489615	3	ВИ	76	70	68	0	214	214	нет	нет	нет	нет	
Особая квота	76	1526187	3	ЕГЭ	70	70	72	0	212	212	нет	нет	нет	нет	
Особая квота	77	1287431	3	ЕГЭ	70	64	70	2	204	206	нет	нет	нет	нет	
Особая квота	78	1652065	1	ВИ			92	0	192	192	нет	нет	да	да	
Особая квота	79	1913227	2	ВИ	90		88	0	178	178	нет	нет	нет	нет	
Особая квота	80	1558917	1	ЕГЭ	52	56	54	0	162	162	нет	нет	нет	нет	
Особая квота	81	1947499	1	ВИ	80		72	0	152	152	нет	нет	нет	нет	
Особая квота	82	1199148	4	ВИ	70		69	0	139	139	нет	нет	нет	нет	
Особая квота	83	1771835	3	ВИ	40		58	0	98	98	нет	нет	нет	нет	
Особая квота	84	1652354	2	ВИ			52	3	52	55	нет	нет	нет	нет	
Особая квота	85	938277	5	ВИ	10	5	32	0	47	47	нет	нет	нет	нет	
Особая квота	86	1978546	4	ВИ				2	0	2	нет	нет	нет	нет	
Особая квота	87	1363354	3	ВИ				0	0	0	нет	нет	нет	нет	
Отдельная квота	88	957522	1	Без прохождения вступительных испытаний				5	0		нет	да	да	да	
Отдельная квота	89	1337967	3	Без прохождения вступительных испытаний				3	0		нет	нет	нет	нет	
Отдельная квота	90	1181188	4	Без прохождения вступительных испытаний				3	0		нет	нет	нет	нет	
Отдельная квота	91	1105535	2	Без прохождения вступительных испытаний				2	0		да	нет	нет	нет	
Отдельная квота	92	1438905	2	Без прохождения вступительных испытаний				2	0		нет	нет	нет	нет	
Отдельная квота	93	1166947	4	Без прохождения вступительных испытаний				2	0		нет	нет	нет	да	
Отдельная квота	94	831311	1	Без прохождения вступительных испытаний				0	0		да	да	нет	нет	
Отдельная квота	95	939172	2	Без прохождения вступительных испытаний				0	0		да	нет	нет	нет	
Отдельная квота	96	1524140	3	Без прохождения вступительных испытаний				0	0		нет	нет	нет	нет	
Отдельная квота	97	1395697	5	Без прохождения вступительных испытаний				0	0		нет	нет	нет	нет	
Отдельная квота	98	1366270	5	Без прохождения вступительных испытаний				0	0		нет	нет	нет	нет	
Отдельная квота	99	1050918	4	Без прохождения вступительных испытаний				0	0		нет	нет	нет	нет	
Отдельная квота	100	1355635	4	Без прохождения вступительных испытаний				0	0		нет	нет	нет	да	
Отдельная квота	101	1166095	4	Без прохождения вступительных испытаний				0	0		нет	нет	нет	нет	
Отдельная квота	102	1183465	2	Без прохождения вступительных испытаний				0	0		нет	нет	нет	да	
Отдельная квота	103	1053182	5	Без прохождения вступительных испытаний				0	0		нет	нет	нет	нет	
Отдельная квота	104	1631114	1	Без прохождения вступительных испытаний				0	0		нет	да	нет	нет	
Отдельная квота	105	1205611	4	Без прохождения вступительных испытаний				0	0		нет	нет	нет	нет	
Отдельная квота	106	1355661	4	Без прохождения вступительных испытаний				0	0		нет	нет	нет	да	
Отдельная квота	107	1252976	2	Без прохождения вступительных испытаний				0	0		нет	нет	нет	да	
Отдельная квота	108	1519268	1	ЕГЭ	100	100	100	3	300	303	да	да	да	да	
Отдельная квота	109	1533512	2	ВИ	100	100	94	9	294	303	нет	нет	нет	да	
Отдельная квота	110	1642840	3	ВИ	100	100	94	9	294	303	нет	нет	нет	нет	
Отдельная квота	111	1253292	3	ВИ	98	98	100	5	296	301	нет	нет	нет	нет	
Отдельная квота	112	1849775	3	ВИ	100	100	89	10	289	299	нет	нет	нет	нет	
Отдельная квота	113	1758334	4	ЕГЭ	100	95	91	9	286	295	нет	нет	нет	да	
Отдельная квота	114	1462468	4	ЕГЭ	94	98	97	0	289	289	нет	нет	нет	нет	
Отдельная квота	115	1468367	1	ЕГЭ	99	98	91	0	288	288	нет	да	нет	нет	
Отдельная квота	116	1412089	2	ВИ	100	98	83	6	281	287	нет	да	нет	нет	
Отдельная квота	117	1291171	2	ЕГЭ	95	98	86	3	279	282	нет	нет	нет	нет	
Отдельная квота	118	1785838	3	ЕГЭ	95	95	86	5	276	281	да	нет	нет	да	
Отдельная квота	119	2089522	4	ЕГЭ	100	93	83	5	276	281	нет	нет	нет	нет	
Отдельная квота	120	1999764	3	ЕГЭ	98	93	89	0	280	280	нет	нет	нет	нет	
Отдельная квота	121	1374012	1	ЕГЭ	92	100	86	2	278	280	нет	нет	нет	нет	
Отдельная квота	122	1267092	4	ЕГЭ	92	90	94	3	276	279	нет	нет	нет	нет	
Отдельная квота	123	1855928	2	ЕГЭ	94	90	91	3	275	278	нет	нет	нет	да	
Отдельная квота	124	1607191	2	ЕГЭ	86	93	94	3	273	276	нет	нет	нет	нет	
Отдельная квота	125	1641943	5	ЕГЭ	94	88	89	3	271	274	нет	нет	нет	нет	
Отдельная квота	126	1048253	2	ЕГЭ	84	88	97	5	269	274	нет	нет	нет	нет	
Отдельная квота	127	1518237	2	ЕГЭ	94	88	91	0	273	273	нет	нет	нет	нет	
Отдельная квота	128	1196395	3	ЕГЭ	86	88	91	5	265	270	да	нет	нет	нет	
Отдельная квота	129	1226232	3	ЕГЭ	88	85	97	0	270	270	нет	нет	нет	нет	
Отдельная квота	130	1854964	3	ЕГЭ	86	95	89	0	270	270	нет	нет	нет	нет	
Отдельная квота	131	1603645	1	ЕГЭ	90	88	89	2	267	269	нет	нет	да	да	
Отдельная квота	132	1339599	2	ЕГЭ	82	95	86	5	263	268	нет	нет	нет	да	
Отдельная квота	133	1941186	3	ЕГЭ	96	78	89	3	263	266	нет	нет	нет	нет	
Отдельная квота	134	831453	1	ЕГЭ	84	88	94	0	266	266	нет	нет	нет	нет	
Отдельная квота	135	1628065	1	ЕГЭ	97	85	75	3	257	260	нет	нет	нет	нет	
Отдельная квота	136	1356228	4	ЕГЭ	86	88	83	2	257	259	нет	нет	нет	нет	
Отдельная квота	137	1265296	2	ЕГЭ	88	88	78	4	254	258	нет	нет	нет	да	
Отдельная квота	138	1150607	2	ВИ	100	70	84	3	254	257	нет	нет	нет	нет	
Отдельная квота	139	1914471	2	ЕГЭ	90	75	91	0	256	256	да	нет	нет	нет	
Отдельная квота	140	1492656	1	ЕГЭ	78	90	78	10	246	256	нет	нет	нет	нет	
Отдельная квота	141	1035536	2	ЕГЭ	84	78	91	2	253	255	нет	нет	нет	нет	
Отдельная квота	142	1484276	5	ЕГЭ	82	100	73	0	255	255	нет	нет	нет	нет	
Отдельная квота	143	997401	2	ЕГЭ	68	93	87	6	248	254	да	нет	нет	да	
Отдельная квота	144	1615925	2	ЕГЭ	86	98	70	0	254	254	нет	нет	нет	нет	
Отдельная квота	145	1576560	2	ЕГЭ	84	90	75	5	249	254	нет	нет	нет	нет	
Отдельная квота	146	1520441	5	ЕГЭ	86	83	83	0	252	252	нет	нет	нет	да	
Отдельная квота	147	1266611	1	ЕГЭ	84	78	86	0	248	248	нет	нет	нет	нет	
Отдельная квота	148	1403359	2	ЕГЭ	97	78	72	0	247	247	нет	нет	нет	нет	
Отдельная квота	149	1977769	2	ЕГЭ	82	83	81	0	246	246	нет	нет	нет	нет	
Отдельная квота	150	1956690	5	ЕГЭ	84	75	83	3	242	245	нет	нет	нет	нет	
Отдельная квота	151	2054322	2	ЕГЭ	97	83	61	2	241	243	нет	нет	нет	нет	
Отдельная квота	152	1291820	3	ЕГЭ	82	75	81	5	238	243	нет	нет	нет	нет	
Отдельная квота	153	1797323	3	ЕГЭ	92	75	75	0	242	242	нет	нет	нет	нет	
Отдельная квота	154	957798	3	ЕГЭ	80	75	83	3	238	241	нет	нет	нет	нет	
Отдельная квота	155	1169582	3	ЕГЭ	92	78	69	0	239	239	нет	нет	нет	нет	
Отдельная квота	156	993332	1	ЕГЭ	74	70	83	0	227	227	нет	нет	нет	нет	
Отдельная квота	157	1903230	2	ЕГЭ	74	67	83	3	224	227	нет	нет	нет	нет	
Отдельная квота	158	985582	1	ЕГЭ	76	72	75	0	223	223	да	нет	нет	нет	
Отдельная квота	159	1564250	3	ЕГЭ	72	75	75	0	222	222	да	нет	нет	нет	
Отдельная квота	160	1195126	3	ЕГЭ	78	75	67	2	220	222	нет	нет	нет	нет	
Отдельная квота	161	965789	1	ЕГЭ	74	70	75	0	219	219	нет	нет	да	да	
Отдельная квота	162	1488324	2	ВИ	90	60	64	2	214	216	нет	нет	нет	да	
Отдельная квота	163	1896794	4	ЕГЭ	80	70	64	0	214	214	нет	нет	нет	нет	
Отдельная квота	164	1678446	2	ЕГЭ	74	78	61	0	213	213	нет	нет	нет	нет	
Отдельная квота	165	1268940	5	ЕГЭ	72	72	63	0	207	207	нет	нет	нет	нет	
Отдельная квота	166	1562914	5	ЕГЭ	70	67	69	0	206	206	нет	нет	нет	нет	
Отдельная квота	167	950921	5	ЕГЭ	64	78	63	0	205	205	нет	нет	нет	нет	
Отдельная квота	168	1204136	4	ЕГЭ	58	72	61	0	191	191	нет	нет	нет	нет	
Отдельная квота	169	1724752	2	ВИ	72	67	42	0	181	181	нет	нет	нет	нет	
Отдельная квота	170	1726101	2	ВИ	90		84	0	174	174	нет	нет	нет	нет	
Отдельная квота	171	1209661	2	ВИ	86		81	2	167	169	да	нет	нет	нет	
Отдельная квота	172	1905289	2	ВИ	76		81	0	157	157	нет	нет	нет	нет	
Отдельная квота	173	1947499	1	ВИ	80		72	0	152	152	нет	нет	нет	нет	
Отдельная квота	174	1251679	4	ВИ	76		72	0	148	148	нет	нет	нет	нет	
Отдельная квота	175	1792266	5	ВИ	72	67		2	139	141	да	нет	нет	нет	
Отдельная квота	176	1429267	4	ВИ	70		61	0	131	131	нет	нет	нет	нет	
Отдельная квота	177	1431504	4	ВИ	58	7	64	0	129	129	нет	нет	нет	нет	
Отдельная квота	178	1465540	1	ВИ	40	25	61	0	126	126	нет	нет	нет	нет	
Отдельная квота	179	941603	1	ВИ	40		84	0	124	124	нет	нет	нет	нет	
Отдельная квота	180	1966252	3	ЕГЭ	58		51	0	109	109	нет	нет	нет	нет	
Отдельная квота	181	1771835	3	ВИ	40		58	0	98	98	нет	нет	нет	нет	
Отдельная квота	182	1153547	2	ВИ	40		52	0	92	92	нет	нет	нет	нет	
Отдельная квота	183	963445	1	ВИ	30		60	0	90	90	нет	нет	нет	нет	
Отдельная квота	184	1067773	4	ВИ			88	0	88	88	нет	нет	нет	нет	
Отдельная квота	185	1911074	5	ВИ			81	0	81	81	нет	нет	нет	нет	
Отдельная квота	186	1951228	3	ВИ	76			0	76	76	нет	нет	нет	нет	
Отдельная квота	187	1176099	3	ВИ			69	0	69	69	нет	нет	нет	нет	
Отдельная квота	188	2043043	2	ЕГЭ				3	0	3	да	нет	нет	нет	
Отдельная квота	189	1655873	3	ЕГЭ				0	0	0	нет	нет	нет	нет	
Отдельная квота	190	1868563	5	ВИ				0	0	0	нет	нет	нет	нет	
Отдельная квота	191	1030608	1	ВИ				0	0	0	нет	нет	нет	нет	
Отдельная квота	192	1938740	4	ВИ				0	0	0	нет	нет	нет	нет	
Общий конкурс	193	1986103	2	ВИ	100	100	100	10	300	310	нет	нет	нет	нет	
Общий конкурс	194	1444029	2	ВИ	100	100	100	9	300	309	нет	нет	нет	нет	
Общий конкурс	195	959199	1	ВИ	100	100	100	9	300	309	нет	нет	нет	нет	
Общий конкурс	196	1580750	2	ВИ	100	100	97	10	297	307	да	нет	нет	да	
Общий конкурс	197	1129308	4	ВИ	100	100	97	10	297	307	нет	нет	нет	да	
Общий конкурс	198	1204052	2	ВИ	100	98	100	9	298	307	нет	нет	нет	нет	
Общий конкурс	199	1359860	4	ЕГЭ	98	98	100	10	296	306	нет	нет	нет	нет	
Общий конкурс	200	1501038	4	ВИ	100	95	100	10	295	305	нет	нет	нет	нет	
Общий конкурс	201	1498054	2	ВИ	100	100	94	10	294	304	нет	нет	нет	да	
Общий конкурс	202	1819798	3	ЕГЭ	100	100	94	10	294	304	нет	нет	нет	нет	
Общий конкурс	203	1609925	2	ВИ	100	100	94	10	294	304	нет	нет	нет	нет	
Общий конкурс	204	1618150	4	ЕГЭ	100	100	94	10	294	304	нет	нет	нет	нет	
Общий конкурс	205	1854838	3	ВИ	100	100	94	10	294	304	нет	нет	нет	да	
Общий конкурс	206	1846579	4	ВИ	100	95	100	9	295	304	нет	нет	нет	нет	
Общий конкурс	207	1823789	5	ЕГЭ	97	100	97	10	294	304	нет	нет	нет	нет	
Общий конкурс	208	1519268	1	ЕГЭ	100	100	100	3	300	303	да	нет	нет	да	
Общий конкурс	209	1484288	2	ЕГЭ	100	98	100	5	298	303	да	нет	нет	нет	
Общий конкурс	210	1533512	2	ВИ	100	100	94	9	294	303	нет	нет	нет	да	
Общий конкурс	211	1642840	3	ВИ	100	100	94	9	294	303	нет	нет	нет	нет	
Общий конкурс	212	1928315	4	ЕГЭ	95	98	100	10	293	303	нет	нет	нет	нет	
Общий конкурс	213	1264839	3	ВИ	100	100	97	5	297	302	нет	нет	нет	нет	
Общий конкурс	214	974866	4	ВИ	100	100	97	5	297	302	нет	нет	нет	да	
Общий конкурс	215	1287216	3	ВИ	100	100	97	5	297	302	нет	нет	нет	нет	
Общий конкурс	216	1530071	4	ЕГЭ	100	100	100	2	300	302	нет	нет	нет	нет	
Общий конкурс	217	1491745	2	ВИ	100	98	94	10	292	302	нет	нет	нет	нет	
Общий конкурс	218	1617084	2	ВИ	100	100	91	10	291	301	да	нет	нет	да	
Общий конкурс	219	1214426	3	ЕГЭ	100	100	94	7	294	301	да	нет	нет	нет	
Общий конкурс	220	1097672	1	ВИ	100	100	91	10	291	301	нет	нет	нет	нет	
Общий конкурс	221	1631512	3	ВИ	100	100	91	10	291	301	нет	нет	нет	да	
Общий конкурс	222	1175215	2	ВИ	100	98	94	9	292	301	нет	нет	нет	нет	
Общий конкурс	223	1173115	2	ЕГЭ	100	95	97	9	292	301	нет	нет	нет	нет	
Общий конкурс	224	1253292	3	ВИ	98	98	100	5	296	301	нет	нет	нет	нет	
Общий конкурс	225	1855303	2	ЕГЭ	96	98	97	10	291	301	нет	нет	нет	нет	
Общий конкурс	226	1455709	2	ЕГЭ	100	98	97	5	295	300	нет	нет	нет	нет	
Общий конкурс	227	1763345	4	ВИ	100	95	100	5	295	300	нет	нет	нет	нет	
Общий конкурс	228	1723173	2	ЕГЭ	100	93	100	7	293	300	нет	нет	нет	нет	
Общий конкурс	229	1907735	2	ВИ	100	90	100	10	290	300	нет	нет	нет	нет	
Общий конкурс	230	1604503	3	ЕГЭ	100	100	94	5	294	299	да	нет	нет	нет	
Общий конкурс	231	1901845	4	ВИ	98	98	100	3	296	299	да	нет	нет	нет	
Общий конкурс	232	1849775	3	ВИ	100	100	89	10	289	299	нет	нет	нет	нет	
Общий конкурс	233	1829197	2	ВИ	100	100	89	10	289	299	нет	нет	нет	да	
Общий конкурс	234	1707717	4	ВИ	100	98	97	4	295	299	нет	нет	нет	нет	
Общий конкурс	235	1508607	3	ВИ	100	95	94	10	289	299	нет	нет	нет	нет	
Общий конкурс	236	1411872	3	ЕГЭ	97	100	97	5	294	299	нет	нет	нет	да	
Общий конкурс	237	1583778	1	ВИ	96	95	100	7	291	298	нет	нет	нет	нет	
Общий конкурс	238	1482996	5	ЕГЭ	94	100	94	10	288	298	нет	нет	нет	нет	
Общий конкурс	239	1610065	1	ЕГЭ	100	98	94	5	292	297	да	нет	нет	да	
Общий конкурс	240	1999227	2	ЕГЭ	100	100	94	3	294	297	нет	нет	нет	да	
Общий конкурс	241	1004310	3	ЕГЭ	100	98	94	5	292	297	нет	нет	нет	нет	
Общий конкурс	242	1177363	4	ВИ	100	98	94	5	292	297	нет	нет	нет	нет	
Общий конкурс	243	2107459	3	ВИ	100	98	97	2	295	297	нет	нет	нет	нет	
Общий конкурс	244	1518346	2	ВИ	100	95	100	2	295	297	нет	нет	нет	нет	
Общий конкурс	245	1793522	4	ВИ	100	93	94	10	287	297	нет	нет	нет	да	
Общий конкурс	246	1717420	2	ЕГЭ	97	95	100	5	292	297	нет	нет	нет	нет	
Общий конкурс	247	1147454	5	ЕГЭ	96	98	100	3	294	297	нет	нет	нет	нет	
Общий конкурс	248	1497264	3	ЕГЭ	96	93	100	8	289	297	нет	нет	нет	да	
Общий конкурс	249	2050789	3	ВИ	100	100	86	10	286	296	нет	нет	нет	нет	
Общий конкурс	250	1809459	3	ЕГЭ	100	95	91	10	286	296	нет	нет	нет	нет	
Общий конкурс	251	1655702	2	ВИ	100	95	91	10	286	296	нет	нет	нет	нет	
Общий конкурс	252	1355358	2	ЕГЭ	100	93	94	9	287	296	нет	нет	нет	нет	
Общий конкурс	253	1074287	4	ЕГЭ	99	100	94	3	293	296	нет	нет	нет	да	
Общий конкурс	254	1986573	2	ЕГЭ	98	98	97	3	293	296	нет	нет	нет	нет	
Общий конкурс	255	1291412	3	ЕГЭ	97	100	89	10	286	296	нет	нет	нет	да	
Общий конкурс	256	1324435	2	ЕГЭ	94	98	94	10	286	296	нет	нет	нет	нет	
Общий конкурс	257	1516569	4	ВИ	90	100	97	9	287	296	нет	нет	нет	нет	
Общий конкурс	258	1427002	2	ЕГЭ	100	93	97	5	290	295	да	нет	нет	нет	
Общий конкурс	259	1128387	3	ВИ	100	98	91	6	289	295	нет	нет	нет	нет	
Общий конкурс	260	1993093	4	ЕГЭ	100	98	94	3	292	295	нет	нет	нет	да	
Общий конкурс	261	1030092	5	ЕГЭ	100	98	94	3	292	295	нет	нет	нет	нет	
Общий конкурс	262	1758334	4	ЕГЭ	100	95	91	9	286	295	нет	нет	нет	да	
Общий конкурс	263	1708840	3	ЕГЭ	100	95	97	3	292	295	нет	нет	нет	нет	
Общий конкурс	264	1396381	1	ВИ	99	93	100	3	292	295	нет	нет	нет	нет	
Общий конкурс	265	1286565	1	ЕГЭ	98	100	97	0	295	295	нет	нет	нет	нет	
Общий конкурс	266	1437520	1	ЕГЭ	97	98	97	3	292	295	нет	нет	нет	нет	
Общий конкурс	267	1212455	3	ВИ	96	100	97	2	293	295	нет	нет	нет	нет	
Общий конкурс	268	1823596	2	ВИ	92	98	100	5	290	295	нет	нет	нет	нет	
Общий конкурс	269	1610805	4	ВИ	95	100	94	5	289	294	да	нет	нет	да	
Общий конкурс	270	1908768	5	ЕГЭ	100	100	91	3	291	294	нет	нет	нет	нет	
Общий конкурс	271	1197066	2	ЕГЭ	100	100	94	0	294	294	нет	нет	нет	нет	
Общий конкурс	272	1364536	2	ЕГЭ	100	95	89	10	284	294	нет	нет	нет	да	
Общий конкурс	273	1357616	2	ВИ	100	95	91	8	286	294	нет	нет	нет	нет	
Общий конкурс	274	1175146	3	ВИ	100	93	91	10	284	294	нет	нет	нет	да	
Общий конкурс	275	1695189	1	ЕГЭ	100	90	94	10	284	294	нет	нет	нет	нет	
Общий конкурс	276	1199706	3	ВИ	100	85	100	9	285	294	нет	нет	нет	да	
Общий конкурс	277	1582873	3	ЕГЭ	98	93	100	3	291	294	нет	нет	нет	нет	
Общий конкурс	278	1188080	3	ЕГЭ	97	98	97	2	292	294	нет	нет	нет	нет	
Общий конкурс	279	1401780	3	ЕГЭ	96	98	97	3	291	294	нет	нет	нет	нет	
Общий конкурс	280	1511270	2	ЕГЭ	96	98	97	3	291	294	нет	нет	нет	нет	
Общий конкурс	281	1990732	4	ЕГЭ	96	95	100	3	291	294	нет	нет	нет	да	
Общий конкурс	282	1594248	2	ВИ	100	100	83	10	283	293	нет	нет	нет	нет	
Общий конкурс	283	1516334	2	ВИ	100	100	83	10	283	293	нет	нет	нет	нет	
Общий конкурс	284	2021895	2	ЕГЭ	100	100	86	7	286	293	нет	нет	нет	нет	
Общий конкурс	285	1290003	4	ВИ	100	95	89	9	284	293	нет	нет	нет	да	
Общий конкурс	286	1894729	4	ЕГЭ	100	88	100	5	288	293	нет	нет	нет	нет	
Общий конкурс	287	1205324	2	ЕГЭ	99	98	94	2	291	293	нет	нет	нет	да	
Общий конкурс	288	1202951	5	ЕГЭ	98	98	94	3	290	293	нет	нет	нет	нет	
Общий конкурс	289	1816707	3	ЕГЭ	98	98	94	3	290	293	нет	нет	нет	нет	
Общий конкурс	290	1646903	4	ЕГЭ	98	95	97	3	290	293	нет	нет	нет	нет	
Общий конкурс	291	1796188	2	ЕГЭ	98	95	97	3	290	293	нет	нет	нет	нет	
Общий конкурс	292	1323228	2	ВИ	97	100	89	7	286	293	нет	нет	нет	да	
Общий конкурс	293	1999702	4	ЕГЭ	97	100	94	2	291	293	нет	нет	нет	нет	
Общий конкурс	294	1502440	5	ЕГЭ	96	100	94	3	290	293	нет	нет	нет	нет	
Общий конкурс	295	1749827	2	ВИ	96	100	97	0	293	293	нет	нет	нет	да	
Общий конкурс	296	1622248	3	ЕГЭ	96	98	91	8	285	293	нет	нет	нет	нет	
Общий конкурс	297	1358421	4	ЕГЭ	96	95	97	5	288	293	нет	нет	нет	нет	
Общий конкурс	298	1208896	2	ВИ	92	100	97	4	289	293	нет	нет	нет	да	
Общий конкурс	299	1246797	3	ВИ	100	100	83	9	283	292	нет	нет	нет	нет	
Общий конкурс	300	1808030	3	ВИ	100	100	86	6	286	292	нет	нет	нет	да	
Общий конкурс	301	1607745	2	ВИ	100	100	89	3	289	292	нет	нет	нет	нет	
Общий конкурс	302	1668686	4	ВИ	100	98	94	0	292	292	нет	нет	нет	нет	
Общий конкурс	303	1428168	3	ЕГЭ	100	95	94	3	289	292	нет	нет	нет	нет	
Общий конкурс	304	1195540	3	ЕГЭ	100	90	97	5	287	292	нет	нет	нет	нет	
Общий конкурс	305	1455825	3	ЕГЭ	100	90	100	2	290	292	нет	нет	нет	нет	
Общий конкурс	306	1488649	4	ВИ	99	100	83	10	282	292	нет	нет	нет	нет	
Общий конкурс	307	1623833	3	ВИ	98	100	89	5	287	292	нет	нет	нет	да	
Общий конкурс	308	1730665	5	ЕГЭ	97	98	94	3	289	292	нет	нет	нет	нет	
Общий конкурс	309	1283062	4	ЕГЭ	97	95	97	3	289	292	нет	нет	нет	нет	
Общий конкурс	310	1044830	1	ЕГЭ	96	100	91	5	287	292	нет	нет	нет	нет	
Общий конкурс	311	1516553	4	ВИ	95	100	94	3	289	292	нет	нет	нет	да	
Общий конкурс	312	1362716	3	ЕГЭ	95	98	89	10	282	292	нет	нет	нет	да	
Общий конкурс	313	1188945	4	ЕГЭ	95	98	94	5	287	292	нет	нет	нет	нет	
Общий конкурс	314	1567952	5	ЕГЭ	100	95	94	2	289	291	да	нет	нет	нет	
Общий конкурс	315	1422367	2	ЕГЭ	97	95	97	2	289	291	да	нет	нет	нет	
Общий конкурс	316	1730881	2	ВИ	100	100	81	10	281	291	нет	нет	нет	нет	
Общий конкурс	317	1403574	2	ЕГЭ	100	95	91	5	286	291	нет	нет	нет	нет	
Общий конкурс	318	1597155	1	ВИ	100	90	91	10	281	291	нет	нет	нет	да	
Общий конкурс	319	1491347	2	ЕГЭ	99	98	89	5	286	291	нет	нет	нет	нет	
Общий конкурс	320	1784948	2	ЕГЭ	98	93	94	6	285	291	нет	нет	нет	нет	
Общий конкурс	321	1341272	4	ЕГЭ	97	100	89	5	286	291	нет	нет	нет	нет	
Общий конкурс	322	1201641	4	ЕГЭ	97	98	89	7	284	291	нет	нет	нет	нет	
Общий конкурс	323	1633431	2	ЕГЭ	97	98	91	5	286	291	нет	нет	нет	нет	
Общий конкурс	324	1244814	3	ЕГЭ	95	93	100	3	288	291	нет	нет	нет	нет	
Общий конкурс	325	1909960	2	ЕГЭ	98	98	89	5	285	290	да	нет	нет	нет	
Общий конкурс	326	1714598	2	ЕГЭ	100	98	89	3	287	290	нет	нет	нет	нет	
Общий конкурс	327	992085	3	ВИ	100	95	89	6	284	290	нет	нет	нет	да	
Общий конкурс	328	1787644	1	ЕГЭ	100	93	94	3	287	290	нет	нет	нет	нет	
Общий конкурс	329	1176128	5	ЕГЭ	100	90	97	3	287	290	нет	нет	нет	нет	
Общий конкурс	330	971732	5	ВИ	100	90	100	0	290	290	нет	нет	нет	нет	
Общий конкурс	331	1710568	2	ЕГЭ	98	90	97	5	285	290	нет	нет	нет	нет	
Общий конкурс	332	2000743	2	ЕГЭ	97	93	100	0	290	290	нет	нет	нет	нет	
Общий конкурс	333	1423322	4	ЕГЭ	96	100	91	3	287	290	нет	нет	нет	нет	
Общий конкурс	334	1436709	4	ЕГЭ	94	93	100	3	287	290	нет	нет	нет	нет	
Общий конкурс	335	1899881	2	ЕГЭ	92	98	97	3	287	290	нет	нет	нет	да	
Общий конкурс	336	1909802	2	ЕГЭ	92	95	100	3	287	290	нет	нет	нет	нет	
Общий конкурс	337	1202109	2	ЕГЭ	90	90	100	10	280	290	нет	нет	нет	нет	
Общий конкурс	338	1580586	3	ВИ	100	95	91	3	286	289	да	нет	нет	нет	
Общий конкурс	339	1181681	3	ЕГЭ	95	95	94	5	284	289	да	нет	нет	нет	
Общий конкурс	340	1133353	2	ЕГЭ	100	100	89	0	289	289	нет	нет	нет	нет	
Общий конкурс	341	1283336	1	ВИ	100	100	89	0	289	289	нет	нет	нет	нет	
Общий конкурс	342	1639463	1	ЕГЭ	100	98	86	5	284	289	нет	нет	нет	нет	
Общий конкурс	343	1443447	4	ЕГЭ	100	95	91	3	286	289	нет	нет	нет	нет	
Общий конкурс	344	1993912	2	ЕГЭ	100	88	91	10	279	289	нет	нет	нет	нет	
Общий конкурс	345	1998696	2	ВИ	100	83	97	9	280	289	нет	нет	нет	нет	
Общий конкурс	346	1455972	2	ЕГЭ	97	98	94	0	289	289	нет	нет	нет	нет	
Общий конкурс	347	1215673	5	ЕГЭ	97	93	94	5	284	289	нет	нет	нет	нет	
Общий конкурс	348	1543511	2	ЕГЭ	97	90	97	5	284	289	нет	нет	нет	нет	
Общий конкурс	349	1284057	5	ЕГЭ	95	98	91	5	284	289	нет	нет	нет	нет	
Общий конкурс	350	2036478	3	ЕГЭ	95	98	91	5	284	289	нет	нет	нет	нет	
Общий конкурс	351	1961442	2	ЕГЭ	95	93	91	10	279	289	нет	нет	нет	нет	
Общий конкурс	352	1462468	4	ЕГЭ	94	98	97	0	289	289	нет	нет	нет	нет	
Общий конкурс	353	1514024	2	ЕГЭ	94	98	97	0	289	289	нет	нет	нет	нет	
Общий конкурс	354	1396638	4	ЕГЭ	94	93	97	5	284	289	нет	нет	нет	нет	
Общий конкурс	355	2033187	5	ЕГЭ	94	93	97	5	284	289	нет	нет	нет	нет	
Общий конкурс	356	1351047	2	ЕГЭ	88	100	91	10	279	289	нет	нет	нет	нет	
Общий конкурс	357	1056538	2	ЕГЭ	96	100	89	3	285	288	да	нет	нет	нет	
Общий конкурс	358	1612262	4	ВИ	100	100	78	10	278	288	нет	нет	нет	да	
Общий конкурс	359	1074515	4	ВИ	100	90	89	9	279	288	нет	нет	нет	да	
Общий конкурс	360	1518721	4	ВИ	99	100	89	0	288	288	нет	нет	нет	нет	
Общий конкурс	361	1468367	1	ЕГЭ	99	98	91	0	288	288	нет	нет	нет	нет	
Общий конкурс	362	1829024	1	ЕГЭ	98	98	89	3	285	288	нет	нет	нет	нет	
Общий конкурс	363	1567561	2	ЕГЭ	96	98	91	3	285	288	нет	нет	нет	нет	
Общий конкурс	364	1797881	3	ЕГЭ	95	100	89	4	284	288	нет	нет	нет	нет	
Общий конкурс	365	1397681	4	ЕГЭ	94	90	100	3	284	287	да	нет	нет	нет	
Общий конкурс	366	1214003	3	ВИ	92	100	91	4	283	287	да	нет	нет	да	
Общий конкурс	367	1412089	2	ВИ	100	98	83	6	281	287	нет	нет	нет	нет	
Общий конкурс	368	1603119	1	ЕГЭ	100	98	89	0	287	287	нет	нет	нет	нет	
Общий конкурс	369	1364482	2	ВИ	100	98	89	0	287	287	нет	нет	нет	нет	
Общий конкурс	370	1847739	2	ЕГЭ	100	93	89	5	282	287	нет	нет	нет	нет	
Общий конкурс	371	1752119	2	ВИ	100	93	94	0	287	287	нет	нет	нет	нет	
Общий конкурс	372	1168205	1	ЕГЭ	100	90	94	3	284	287	нет	нет	нет	нет	
Общий конкурс	373	1652617	4	ЕГЭ	97	98	89	3	284	287	нет	нет	нет	нет	
Общий конкурс	374	2114204	4	ЕГЭ	97	93	97	0	287	287	нет	нет	нет	нет	
Общий конкурс	375	2055407	2	ЕГЭ	96	90	91	10	277	287	нет	нет	нет	нет	
Общий конкурс	376	1512705	3	ЕГЭ	96	88	100	3	284	287	нет	нет	нет	нет	
Общий конкурс	377	1798613	3	ЕГЭ	95	100	89	3	284	287	нет	нет	нет	да	
Общий конкурс	378	1332919	3	ВИ	95	100	89	3	284	287	нет	нет	нет	нет	
Общий конкурс	379	1970221	2	ЕГЭ	95	98	91	3	284	287	нет	нет	нет	нет	
Общий конкурс	380	1276886	4	ЕГЭ	95	95	94	3	284	287	нет	нет	нет	нет	
Общий конкурс	381	1909659	4	ЕГЭ	95	88	97	7	280	287	нет	нет	нет	нет	
Общий конкурс	382	2043367	1	ВИ	100	90	91	5	281	286	да	нет	нет	нет	
Общий конкурс	383	1131241	3	ЕГЭ	94	95	94	3	283	286	да	нет	нет	да	
Общий конкурс	384	1288367	2	ЕГЭ	94	93	94	5	281	286	да	нет	нет	нет	
Общий конкурс	385	1765731	1	ЕГЭ	100	98	86	2	284	286	нет	нет	нет	нет	
Общий конкурс	386	1347158	2	ЕГЭ	100	95	89	2	284	286	нет	нет	нет	нет	
Общий конкурс	387	1852166	2	ВИ	100	95	91	0	286	286	нет	нет	нет	нет	
Общий конкурс	388	1915592	2	ВИ	100	90	89	7	279	286	нет	нет	нет	нет	
Общий конкурс	389	1357786	1	ЕГЭ	99	88	94	5	281	286	нет	нет	нет	нет	
Общий конкурс	390	1769841	3	ЕГЭ	97	100	86	3	283	286	нет	нет	нет	да	
Общий конкурс	391	1783494	2	ЕГЭ	97	95	89	5	281	286	нет	нет	нет	нет	
Общий конкурс	392	1444891	3	ЕГЭ	97	95	91	3	283	286	нет	нет	нет	нет	
Общий конкурс	393	1984624	4	ЕГЭ	97	95	94	0	286	286	нет	нет	нет	нет	
Общий конкурс	394	1567729	3	ЕГЭ	96	98	89	3	283	286	нет	нет	нет	нет	
Общий конкурс	395	1431310	3	ЕГЭ	96	93	94	3	283	286	нет	нет	нет	нет	
Общий конкурс	396	1950884	4	ЕГЭ	95	90	91	10	276	286	нет	нет	нет	нет	
Общий конкурс	397	1938411	5	ЕГЭ	94	98	89	5	281	286	нет	нет	нет	нет	
Общий конкурс	398	1635749	5	ЕГЭ	94	95	94	3	283	286	нет	нет	нет	нет	
Общий конкурс	399	1501593	1	ЕГЭ	94	93	94	5	281	286	нет	нет	нет	нет	
Общий конкурс	400	1642211	1	ЕГЭ	90	95	91	10	276	286	нет	нет	нет	нет	
Общий конкурс	401	1607801	3	ЕГЭ	88	95	100	3	283	286	нет	нет	нет	нет	
Общий конкурс	402	1787526	5	ВИ	100	100	75	10	275	285	нет	нет	нет	да	
Общий конкурс	403	1687117	1	ЕГЭ	98	93	91	3	282	285	нет	нет	нет	нет	
Общий конкурс	404	1406993	3	ЕГЭ	98	90	94	3	282	285	нет	нет	нет	нет	
Общий конкурс	405	1439094	2	ВИ	97	100	78	10	275	285	нет	нет	нет	нет	
Общий конкурс	406	1419813	3	ВИ	96	100	89	0	285	285	нет	нет	нет	нет	
Общий конкурс	407	1855240	3	ЕГЭ	96	98	86	5	280	285	нет	нет	нет	нет	
Общий конкурс	408	1367948	3	ЕГЭ	96	95	91	3	282	285	нет	нет	нет	нет	
Общий конкурс	409	1395772	4	ЕГЭ	94	100	89	2	283	285	нет	нет	нет	нет	
Общий конкурс	410	1511317	3	ЕГЭ	94	100	91	0	285	285	нет	нет	нет	нет	
Общий конкурс	411	1609023	3	ВИ	100	98	86	0	284	284	нет	нет	нет	да	
Общий конкурс	412	1349695	2	ВИ	100	95	83	6	278	284	нет	нет	нет	да	
Общий конкурс	413	1719506	1	ЕГЭ	100	95	86	3	281	284	нет	нет	нет	нет	
Общий конкурс	414	1438245	2	ВИ	100	95	89	0	284	284	нет	нет	нет	нет	
Общий конкурс	415	1954354	2	ВИ	100	88	86	10	274	284	нет	нет	нет	нет	
Общий конкурс	416	1912229	2	ВИ	100	88	89	7	277	284	нет	нет	нет	нет	
Общий конкурс	417	1436957	4	ЕГЭ	97	93	91	3	281	284	нет	нет	нет	нет	
Общий конкурс	418	1437057	2	ЕГЭ	97	90	94	3	281	284	нет	нет	нет	нет	
Общий конкурс	419	1691714	3	ЕГЭ	95	98	86	5	279	284	нет	нет	нет	нет	
Общий конкурс	420	1495504	2	ЕГЭ	95	98	86	5	279	284	нет	нет	нет	нет	
Общий конкурс	421	1529451	2	ЕГЭ	95	98	91	0	284	284	нет	нет	нет	да	
Общий конкурс	422	1611148	4	ЕГЭ	95	95	89	5	279	284	нет	нет	нет	нет	
Общий конкурс	423	1402579	2	ЕГЭ	95	95	91	3	281	284	нет	нет	нет	нет	
Общий конкурс	424	1750026	1	ЕГЭ	95	93	86	10	274	284	нет	нет	нет	нет	
Общий конкурс	425	1953967	3	ЕГЭ	95	93	86	10	274	284	нет	нет	нет	нет	
Общий конкурс	426	1870676	2	ЕГЭ	95	88	91	10	274	284	нет	нет	нет	нет	
Общий конкурс	427	2043769	1	ЕГЭ	94	93	94	3	281	284	нет	нет	нет	нет	
Общий конкурс	428	1835246	4	ЕГЭ	92	98	94	0	284	284	нет	нет	нет	нет	
Общий конкурс	429	1961236	5	ЕГЭ	92	90	97	5	279	284	нет	нет	нет	нет	
Общий конкурс	430	1840564	2	ЕГЭ	97	90	94	2	281	283	да	нет	нет	нет	
Общий конкурс	431	1268281	4	ВИ	100	100	73	10	273	283	нет	нет	нет	да	
Общий конкурс	432	1905198	2	ЕГЭ	100	100	78	5	278	283	нет	нет	нет	нет	
Общий конкурс	433	1267657	5	ВИ	100	85	91	7	276	283	нет	нет	нет	да	
Общий конкурс	434	1977314	3	ВИ	100	83	100	0	283	283	нет	нет	нет	нет	
Общий конкурс	435	1717923	2	ЕГЭ	97	100	81	5	278	283	нет	нет	нет	нет	
Общий конкурс	436	1184847	2	ЕГЭ	97	100	86	0	283	283	нет	нет	нет	нет	
Общий конкурс	437	1522029	2	ЕГЭ	96	93	91	3	280	283	нет	нет	нет	нет	
Общий конкурс	438	1797841	2	ЕГЭ	95	85	100	3	280	283	нет	нет	нет	нет	
Общий конкурс	439	1360850	2	ЕГЭ	92	100	86	5	278	283	нет	нет	нет	нет	
Общий конкурс	440	1042427	4	ЕГЭ	92	95	94	2	281	283	нет	нет	нет	да	
Общий конкурс	441	1183151	2	ЕГЭ	88	98	97	0	283	283	нет	нет	нет	нет	
Общий конкурс	442	1654811	3	ЕГЭ	88	88	100	7	276	283	нет	нет	нет	нет	
Общий конкурс	443	1608128	2	ЕГЭ	86	98	97	2	281	283	нет	нет	нет	нет	
Общий конкурс	444	1658086	5	ЕГЭ	86	95	97	5	278	283	нет	нет	нет	нет	
Общий конкурс	445	1610288	1	ЕГЭ	92	98	89	3	279	282	да	нет	нет	нет	
Общий конкурс	446	954862	5	ВИ	100	100	72	10	272	282	нет	нет	нет	нет	
Общий конкурс	447	1041881	4	ЕГЭ	100	93	89	0	282	282	нет	нет	нет	нет	
Общий конкурс	448	1516325	3	ЕГЭ	100	88	91	3	279	282	нет	нет	нет	нет	
Общий конкурс	449	1625944	2	ЕГЭ	99	95	83	5	277	282	нет	нет	нет	нет	
Общий конкурс	450	1194859	2	ЕГЭ	98	95	86	3	279	282	нет	нет	нет	нет	
Общий конкурс	451	1835144	1	ЕГЭ	98	93	86	5	277	282	нет	нет	нет	нет	
Общий конкурс	452	1631002	1	ЕГЭ	97	85	97	3	279	282	нет	нет	нет	нет	
Общий конкурс	453	1526498	2	ЕГЭ	96	100	83	3	279	282	нет	нет	нет	да	
Общий конкурс	454	1916286	2	ЕГЭ	96	95	91	0	282	282	нет	нет	нет	нет	
Общий конкурс	455	1726089	5	ЕГЭ	96	95	91	0	282	282	нет	нет	нет	нет	
Общий конкурс	456	1291171	2	ЕГЭ	95	98	86	3	279	282	нет	нет	нет	нет	
Общий конкурс	457	1520822	4	ЕГЭ	95	95	89	3	279	282	нет	нет	нет	нет	
Общий конкурс	458	1180437	2	ЕГЭ	94	100	86	2	280	282	нет	нет	нет	нет	
Общий конкурс	459	1889802	2	ЕГЭ	92	98	89	3	279	282	нет	нет	нет	нет	
Общий конкурс	460	1194842	4	ЕГЭ	92	98	91	0	281	281	да	нет	нет	нет	
Общий конкурс	461	1472857	2	ВИ	100	100	72	9	272	281	нет	нет	нет	да	
Общий конкурс	462	1471911	2	ВИ	100	100	78	3	278	281	нет	нет	нет	да	
Общий конкурс	463	1438696	2	ЕГЭ	100	95	83	3	278	281	нет	нет	нет	нет	
Общий конкурс	464	2089522	4	ЕГЭ	100	93	83	5	276	281	нет	нет	нет	нет	
Общий конкурс	465	1256611	3	ВИ	100	93	86	2	279	281	нет	нет	нет	нет	
Общий конкурс	466	1675328	1	ВИ	100	90	84	7	274	281	нет	нет	нет	нет	
Общий конкурс	467	1253793	3	ВИ	100	90	89	2	279	281	нет	нет	нет	да	
Общий конкурс	468	1310380	3	ВИ	100	80	91	10	271	281	нет	нет	нет	нет	
Общий конкурс	469	2001941	4	ЕГЭ	98	93	87	3	278	281	нет	нет	нет	нет	
Общий конкурс	470	1627170	2	ЕГЭ	97	93	81	10	271	281	нет	нет	нет	нет	
Общий конкурс	471	1727500	2	ЕГЭ	97	90	89	5	276	281	нет	нет	нет	нет	
Общий конкурс	472	1574054	2	ЕГЭ	96	93	86	6	275	281	нет	нет	нет	нет	
Общий конкурс	473	1408318	2	ЕГЭ	96	88	94	3	278	281	нет	нет	нет	нет	
Общий конкурс	474	1633760	3	ЕГЭ	95	95	91	0	281	281	нет	нет	нет	нет	
Общий конкурс	475	1492453	3	ЕГЭ	95	95	91	0	281	281	нет	нет	нет	нет	
Общий конкурс	476	1761191	3	ЕГЭ	95	93	86	7	274	281	нет	нет	нет	нет	
Общий конкурс	477	1656020	4	ЕГЭ	95	93	91	2	279	281	нет	нет	нет	нет	
Общий конкурс	478	1639176	1	ЕГЭ	95	90	91	5	276	281	нет	нет	нет	нет	
Общий конкурс	479	1407003	2	ЕГЭ	94	98	89	0	281	281	нет	нет	нет	нет	
Общий конкурс	480	1617578	1	ЕГЭ	94	93	91	3	278	281	нет	нет	нет	нет	
Общий конкурс	481	1640059	3	ЕГЭ	94	90	94	3	278	281	нет	нет	нет	нет	
Общий конкурс	482	1507491	2	ЕГЭ	94	90	94	3	278	281	нет	нет	нет	нет	
Общий конкурс	483	1961124	5	ЕГЭ	92	98	86	5	276	281	нет	нет	нет	нет	
Общий конкурс	484	1380031	2	ЕГЭ	88	93	97	3	278	281	нет	нет	нет	нет	
Общий конкурс	485	1196035	3	ЕГЭ	97	95	83	5	275	280	да	нет	нет	нет	
Общий конкурс	486	1814771	3	ЕГЭ	94	95	91	0	280	280	да	нет	нет	нет	
Общий конкурс	487	2084371	5	ЕГЭ	94	93	91	2	278	280	да	нет	нет	нет	
Общий конкурс	488	1834990	5	ВИ	100	88	89	3	277	280	нет	нет	нет	да	
Общий конкурс	489	1451248	2	ЕГЭ	100	70	100	10	270	280	нет	нет	нет	нет	
Общий конкурс	490	1359241	2	ЕГЭ	99	95	81	5	275	280	нет	нет	нет	нет	
Общий конкурс	491	1249316	5	ЕГЭ	99	95	86	0	280	280	нет	нет	нет	нет	
Общий конкурс	492	1210261	1	ЕГЭ	99	85	91	5	275	280	нет	нет	нет	нет	
Общий конкурс	493	1999764	3	ЕГЭ	98	93	89	0	280	280	нет	нет	нет	нет	
Общий конкурс	494	1343747	2	ЕГЭ	98	90	89	3	277	280	нет	нет	нет	нет	
Общий конкурс	495	1407974	1	ЕГЭ	98	83	94	5	275	280	нет	нет	нет	нет	
Общий конкурс	496	1282053	1	ЕГЭ	97	100	83	0	280	280	нет	нет	нет	нет	
Общий конкурс	497	1751089	4	ЕГЭ	94	98	83	5	275	280	нет	нет	нет	нет	
Общий конкурс	498	1960151	1	ЕГЭ	94	90	86	10	270	280	нет	нет	нет	нет	
Общий конкурс	499	1374012	1	ЕГЭ	92	100	86	2	278	280	нет	нет	нет	нет	
Общий конкурс	500	1365230	2	ЕГЭ	88	93	94	5	275	280	нет	нет	нет	нет	
Общий конкурс	501	1620136	2	ЕГЭ	86	100	91	3	277	280	нет	нет	нет	нет	
Общий конкурс	502	1269562	3	ЕГЭ	80	98	97	5	275	280	нет	нет	нет	нет	
Общий конкурс	503	1955721	2	ВИ	100	90	89	0	279	279	да	нет	нет	да	
Общий конкурс	504	1610210	3	ВИ	100	88	91	0	279	279	да	нет	нет	да	
Общий конкурс	505	1098335	2	ЕГЭ	97	85	97	0	279	279	да	нет	нет	нет	
Общий конкурс	506	961863	2	ЕГЭ	92	90	94	3	276	279	да	нет	нет	нет	
Общий конкурс	507	1987298	1	ЕГЭ	100	93	81	5	274	279	нет	нет	нет	нет	
Общий конкурс	508	1855743	3	ВИ	100	93	83	3	276	279	нет	нет	нет	нет	
Общий конкурс	509	1155745	3	ВИ	100	90	83	6	273	279	нет	нет	нет	да	
Общий конкурс	510	1428993	3	ЕГЭ	100	88	86	5	274	279	нет	нет	нет	да	
Общий конкурс	511	1418986	3	ВИ	100	85	89	5	274	279	нет	нет	нет	нет	
Общий конкурс	512	1798556	1	ВИ	100	80	94	5	274	279	нет	нет	нет	нет	
Общий конкурс	513	1254872	2	ЕГЭ	98	95	83	3	276	279	нет	нет	нет	да	
Общий конкурс	514	1443253	1	ЕГЭ	98	88	83	10	269	279	нет	нет	нет	нет	
Общий конкурс	515	1451069	1	ЕГЭ	94	88	97	0	279	279	нет	нет	нет	нет	
Общий конкурс	516	1624529	2	ЕГЭ	94	85	97	3	276	279	нет	нет	нет	нет	
Общий конкурс	517	1580947	2	ЕГЭ	92	98	86	3	276	279	нет	нет	нет	нет	
Общий конкурс	518	1267092	4	ЕГЭ	92	90	94	3	276	279	нет	нет	нет	нет	
Общий конкурс	519	1650537	4	ЕГЭ	86	93	97	3	276	279	нет	нет	нет	нет	
Общий конкурс	520	1572301	4	ЕГЭ	82	98	94	5	274	279	нет	нет	нет	нет	
Общий конкурс	521	1153753	4	ЕГЭ	94	93	89	2	276	278	да	нет	нет	да	
Общий конкурс	522	1712672	2	ВИ	100	83	89	6	272	278	нет	нет	нет	нет	
Общий конкурс	523	1719954	4	ЕГЭ	98	88	89	3	275	278	нет	нет	нет	нет	
Общий конкурс	524	1213682	1	ЕГЭ	97	95	86	0	278	278	нет	нет	нет	нет	
Общий конкурс	525	1520536	2	ЕГЭ	97	90	89	2	276	278	нет	нет	нет	нет	
Общий конкурс	526	1207727	2	ЕГЭ	97	85	91	5	273	278	нет	нет	нет	нет	
Общий конкурс	527	1648662	2	ЕГЭ	94	95	89	0	278	278	нет	нет	нет	да	
Общий конкурс	528	1855928	2	ЕГЭ	94	90	91	3	275	278	нет	нет	нет	да	
Общий конкурс	529	1202180	1	ЕГЭ	94	90	91	3	275	278	нет	нет	нет	нет	
Общий конкурс	530	988267	2	ЕГЭ	92	90	93	3	275	278	нет	нет	нет	да	
Общий конкурс	531	1578522	2	ЕГЭ	88	98	83	9	269	278	нет	нет	нет	нет	
Общий конкурс	532	2101148	2	ВИ	86	100	83	9	269	278	нет	нет	нет	нет	
Общий конкурс	533	1337769	3	ЕГЭ	86	93	94	5	273	278	нет	нет	нет	нет	
Общий конкурс	534	1416973	2	ВИ	86	90	100	2	276	278	нет	нет	нет	нет	
Общий конкурс	535	1743767	2	ЕГЭ	84	100	91	3	275	278	нет	нет	нет	нет	
Общий конкурс	536	1628937	2	ЕГЭ	94	98	81	4	273	277	да	нет	нет	нет	
Общий конкурс	537	1725626	1	ЕГЭ	100	88	89	0	277	277	нет	нет	нет	нет	
Общий конкурс	538	1471576	2	ЕГЭ	100	85	89	3	274	277	нет	нет	нет	нет	
Общий конкурс	539	1349709	3	ЕГЭ	99	90	78	10	267	277	нет	нет	нет	нет	
Общий конкурс	540	1440327	1	ЕГЭ	99	85	91	2	275	277	нет	нет	нет	нет	
Общий конкурс	541	995702	3	ЕГЭ	98	95	81	3	274	277	нет	нет	нет	нет	
Общий конкурс	542	1264354	4	ЕГЭ	96	95	83	3	274	277	нет	нет	нет	нет	
Общий конкурс	543	1543468	2	ЕГЭ	96	93	86	2	275	277	нет	нет	нет	нет	
Общий конкурс	544	1507944	3	ЕГЭ	96	90	91	0	277	277	нет	нет	нет	нет	
Общий конкурс	545	1431493	2	ЕГЭ	96	88	83	10	267	277	нет	нет	нет	нет	
Общий конкурс	546	2046347	1	ЕГЭ	96	85	86	10	267	277	нет	нет	нет	нет	
Общий конкурс	547	1962189	2	ЕГЭ	95	93	86	3	274	277	нет	нет	нет	нет	
Общий конкурс	548	1537008	2	ЕГЭ	95	88	89	5	272	277	нет	нет	нет	нет	
Общий конкурс	549	1440498	3	ВИ	94	100	81	2	275	277	нет	нет	нет	да	
Общий конкурс	550	1276094	2	ЕГЭ	94	95	83	5	272	277	нет	нет	нет	нет	
Общий конкурс	551	1071412	2	ВИ	94	80	100	3	274	277	нет	нет	нет	нет	
Общий конкурс	552	1722912	2	ЕГЭ	92	88	94	3	274	277	нет	нет	нет	нет	
Общий конкурс	553	1258242	2	ЕГЭ	90	98	89	0	277	277	нет	нет	нет	нет	
Общий конкурс	554	1461882	1	ЕГЭ	88	98	86	5	272	277	нет	нет	нет	нет	
Общий конкурс	555	1780704	5	ЕГЭ	86	90	91	10	267	277	нет	нет	нет	нет	
Общий конкурс	556	1256156	4	ВИ	78	100	94	5	272	277	нет	нет	нет	да	
Общий конкурс	557	1654226	5	ЕГЭ	95	88	91	2	274	276	да	нет	нет	нет	
Общий конкурс	558	1187127	1	ЕГЭ	94	88	91	3	273	276	да	нет	нет	нет	
Общий конкурс	559	1614904	4	ЕГЭ	92	85	94	5	271	276	да	нет	нет	нет	
Общий конкурс	560	2005790	1	ЕГЭ	99	85	89	3	273	276	нет	нет	нет	нет	
Общий конкурс	561	1173959	1	ЕГЭ	98	95	81	2	274	276	нет	нет	нет	нет	
Общий конкурс	562	1593237	1	ВИ	95	100	81	0	276	276	нет	нет	нет	нет	
Общий конкурс	563	1318508	2	ЕГЭ	95	85	94	2	274	276	нет	нет	нет	нет	
Общий конкурс	564	1723388	2	ВИ	94	100	72	10	266	276	нет	нет	нет	да	
Общий конкурс	565	1174287	5	ЕГЭ	94	93	89	0	276	276	нет	нет	нет	да	
Общий конкурс	566	1493826	4	ЕГЭ	94	88	89	5	271	276	нет	нет	нет	нет	
Общий конкурс	567	2000337	3	ЕГЭ	94	83	89	10	266	276	нет	нет	нет	нет	
Общий конкурс	568	1415191	1	ЕГЭ	92	98	83	3	273	276	нет	нет	нет	нет	
Общий конкурс	569	1727695	4	ЕГЭ	92	93	86	5	271	276	нет	нет	нет	нет	
Общий конкурс	570	1504424	1	ЕГЭ	92	90	94	0	276	276	нет	нет	нет	нет	
Общий конкурс	571	1845725	3	ЕГЭ	90	95	86	5	271	276	нет	нет	нет	нет	
Общий конкурс	572	1654925	2	ЕГЭ	86	98	89	3	273	276	нет	нет	нет	нет	
Общий конкурс	573	1859409	2	ЕГЭ	86	93	94	3	273	276	нет	нет	нет	нет	
Общий конкурс	574	1487914	3	ЕГЭ	86	93	94	3	273	276	нет	нет	нет	нет	
Общий конкурс	575	1724641	3	ВИ	100	98	67	10	265	275	нет	нет	нет	да	
Общий конкурс	576	1414707	3	ВИ	100	95	72	8	267	275	нет	нет	нет	да	
Общий конкурс	577	1303044	3	ЕГЭ	98	88	86	3	272	275	нет	нет	нет	нет	
Общий конкурс	578	2122362	2	ВИ	97	100	78	0	275	275	нет	нет	нет	да	
Общий конкурс	579	1362878	2	ЕГЭ	97	95	83	0	275	275	нет	нет	нет	нет	
Общий конкурс	580	1207297	4	ЕГЭ	95	95	83	2	273	275	нет	нет	нет	нет	
Общий конкурс	581	1258368	4	ЕГЭ	94	93	86	2	273	275	нет	нет	нет	да	
Общий конкурс	582	1828079	3	ЕГЭ	94	90	89	2	273	275	нет	нет	нет	нет	
Общий конкурс	583	1366363	1	ЕГЭ	94	90	91	0	275	275	нет	нет	нет	нет	
Общий конкурс	584	1554856	4	ЕГЭ	92	100	78	5	270	275	нет	нет	нет	нет	
Общий конкурс	585	1940619	2	ЕГЭ	92	93	81	9	266	275	нет	нет	нет	нет	
Общий конкурс	586	1288568	2	ЕГЭ	92	90	91	2	273	275	нет	нет	нет	нет	
Общий конкурс	587	1790827	2	ЕГЭ	90	88	94	3	272	275	нет	нет	нет	нет	
Общий конкурс	588	1644831	4	ЕГЭ	88	98	89	0	275	275	нет	нет	нет	нет	
Общий конкурс	589	1434193	3	ЕГЭ	92	88	89	5	269	274	да	нет	нет	нет	
Общий конкурс	590	2093964	2	ВИ	100	88	86	0	274	274	нет	нет	нет	нет	
Общий конкурс	591	1948659	5	ЕГЭ	98	93	83	0	274	274	нет	нет	нет	нет	
Общий конкурс	592	1573179	4	ЕГЭ	98	85	81	10	264	274	нет	нет	нет	нет	
Общий конкурс	593	1519736	3	ЕГЭ	95	93	83	3	271	274	нет	нет	нет	нет	
Общий конкурс	594	1635054	4	ЕГЭ	95	85	94	0	274	274	нет	нет	нет	нет	
Общий конкурс	595	1552415	1	ЕГЭ	94	95	83	2	272	274	нет	нет	нет	нет	
Общий конкурс	596	1641943	5	ЕГЭ	94	88	89	3	271	274	нет	нет	нет	нет	
Общий конкурс	597	1638709	3	ЕГЭ	94	80	91	9	265	274	нет	нет	нет	нет	
Общий конкурс	598	1978287	5	ЕГЭ	92	85	94	3	271	274	нет	нет	нет	нет	
Общий конкурс	599	1418547	3	ВИ	90	100	81	3	271	274	нет	нет	нет	да	
Общий конкурс	600	1512113	3	ЕГЭ	90	98	81	5	269	274	нет	нет	нет	нет	
Общий конкурс	601	1202905	2	ЕГЭ	90	98	83	3	271	274	нет	нет	нет	нет	
Общий конкурс	602	1567319	4	ЕГЭ	90	95	89	0	274	274	нет	нет	нет	нет	
Общий конкурс	603	1483864	2	ЕГЭ	90	90	91	3	271	274	нет	нет	нет	нет	
Общий конкурс	604	1516890	1	ЕГЭ	90	83	94	7	267	274	нет	нет	нет	нет	
Общий конкурс	605	1906355	1	ЕГЭ	88	90	91	5	269	274	нет	нет	нет	нет	
Общий конкурс	606	1201623	2	ЕГЭ	88	88	91	7	267	274	нет	нет	нет	нет	
Общий конкурс	607	1045351	3	ВИ	84	90	100	0	274	274	нет	нет	нет	да	
Общий конкурс	608	1973019	1	ЕГЭ	80	98	89	7	267	274	нет	нет	нет	нет	
Общий конкурс	609	1506213	1	ЕГЭ	95	100	73	5	268	273	нет	нет	нет	нет	
Общий конкурс	610	1357368	1	ЕГЭ	95	95	83	0	273	273	нет	нет	нет	нет	
Общий конкурс	611	1512725	1	ВИ	94	100	72	7	266	273	нет	нет	нет	нет	
Общий конкурс	612	1178860	5	ЕГЭ	94	90	86	3	270	273	нет	нет	нет	нет	
Общий конкурс	613	1518237	2	ЕГЭ	94	88	91	0	273	273	нет	нет	нет	нет	
Общий конкурс	614	1568022	2	ЕГЭ	92	93	86	2	271	273	нет	нет	нет	нет	
Общий конкурс	615	1727465	2	ЕГЭ	92	85	91	5	268	273	нет	нет	нет	нет	
Общий конкурс	616	1720933	2	ЕГЭ	92	83	91	7	266	273	нет	нет	нет	нет	
Общий конкурс	617	1867952	3	ЕГЭ	94	93	83	2	270	272	да	нет	нет	нет	
Общий конкурс	618	2016653	1	ВИ	100	100	72	0	272	272	нет	нет	нет	нет	
Общий конкурс	619	2110608	1	ВИ	100	83	83	6	266	272	нет	нет	нет	нет	
Общий конкурс	620	1423417	3	ВИ	100	78	94	0	272	272	нет	нет	нет	да	
Общий конкурс	621	1177853	2	ВИ	100	72	100	0	272	272	нет	нет	нет	нет	
Общий конкурс	622	1192410	2	ЕГЭ	99	98	75	0	272	272	нет	нет	нет	да	
Общий конкурс	623	1998053	1	ЕГЭ	99	90	78	5	267	272	нет	нет	нет	нет	
Общий конкурс	624	1791564	3	ЕГЭ	98	93	81	0	272	272	нет	нет	нет	нет	
Общий конкурс	625	1865171	3	ЕГЭ	98	90	81	3	269	272	нет	нет	нет	нет	
Общий конкурс	626	1686137	5	ЕГЭ	96	98	75	3	269	272	нет	нет	нет	нет	
Общий конкурс	627	1643436	2	ЕГЭ	96	93	78	5	267	272	нет	нет	нет	нет	
Общий конкурс	628	1711261	4	ЕГЭ	95	85	89	3	269	272	нет	нет	нет	нет	
Общий конкурс	629	1589008	1	ЕГЭ	95	85	89	3	269	272	нет	нет	нет	нет	
Общий конкурс	630	1207109	2	ЕГЭ	92	100	75	5	267	272	нет	нет	нет	нет	
Общий конкурс	631	1707284	3	ЕГЭ	90	85	94	3	269	272	нет	нет	нет	нет	
Общий конкурс	632	1944641	2	ЕГЭ	88	98	86	0	272	272	нет	нет	нет	нет	
Общий конкурс	633	1974626	2	ЕГЭ	88	93	89	2	270	272	нет	нет	нет	нет	
Общий конкурс	634	1178313	5	ЕГЭ	86	95	91	0	272	272	нет	нет	нет	да	
Общий конкурс	635	1256206	3	ЕГЭ	86	93	86	7	265	272	нет	нет	нет	нет	
Общий конкурс	636	1201521	3	ЕГЭ	80	95	94	3	269	272	нет	нет	нет	нет	
Общий конкурс	637	1213766	2	ЕГЭ	95	95	81	0	271	271	да	нет	нет	нет	
Общий конкурс	638	1618883	1	ВИ	100	90	81	0	271	271	нет	нет	нет	нет	
Общий конкурс	639	1436193	3	ВИ	100	85	86	0	271	271	нет	нет	нет	нет	
Общий конкурс	640	1179893	2	ВИ	100	85	86	0	271	271	нет	нет	нет	нет	
Общий конкурс	641	1653268	2	ВИ	100	78	91	2	269	271	нет	нет	нет	да	
Общий конкурс	642	1515283	2	ВИ	100	64	97	10	261	271	нет	нет	нет	да	
Общий конкурс	643	1483154	1	ЕГЭ	98	88	83	2	269	271	нет	нет	нет	нет	
Общий конкурс	644	1519399	1	ЕГЭ	97	85	89	0	271	271	нет	нет	нет	нет	
Общий конкурс	645	1170214	3	ЕГЭ	96	100	72	3	268	271	нет	нет	нет	нет	
Общий конкурс	646	1508299	3	ЕГЭ	95	88	86	2	269	271	нет	нет	нет	нет	
Общий конкурс	647	1353935	2	ЕГЭ	94	83	91	3	268	271	нет	нет	нет	да	
Общий конкурс	648	1798672	1	ЕГЭ	92	90	89	0	271	271	нет	нет	нет	да	
Общий конкурс	649	1954379	2	ЕГЭ	92	88	81	10	261	271	нет	нет	нет	нет	
Общий конкурс	650	1175221	4	ЕГЭ	90	95	81	5	266	271	нет	нет	нет	нет	
Общий конкурс	651	1714212	2	ЕГЭ	90	95	86	0	271	271	нет	нет	нет	нет	
Общий конкурс	652	2089130	2	ЕГЭ	90	90	86	5	266	271	нет	нет	нет	нет	
Общий конкурс	653	1956392	3	ЕГЭ	90	85	91	5	266	271	нет	нет	нет	нет	
Общий конкурс	654	1201093	2	ЕГЭ	88	90	91	2	269	271	нет	нет	нет	нет	
Общий конкурс	655	1711518	3	ЕГЭ	82	98	89	2	269	271	нет	нет	нет	нет	
Общий конкурс	656	1254169	2	ЕГЭ	82	93	91	5	266	271	нет	нет	нет	нет	
Общий конкурс	657	1253059	4	ЕГЭ	82	93	91	5	266	271	нет	нет	нет	нет	
Общий конкурс	658	1171252	5	ЕГЭ	88	88	94	0	270	270	да	нет	нет	да	
Общий конкурс	659	1613922	3	ЕГЭ	88	83	94	5	265	270	да	нет	нет	нет	
Общий конкурс	660	1196395	3	ЕГЭ	86	88	91	5	265	270	да	нет	нет	нет	
Общий конкурс	661	1355566	2	ЕГЭ	100	100	70	0	270	270	нет	нет	нет	нет	
Общий конкурс	662	1145120	3	ЕГЭ	99	88	78	5	265	270	нет	нет	нет	нет	
Общий конкурс	663	1301176	3	ЕГЭ	96	93	81	0	270	270	нет	нет	нет	нет	
Общий конкурс	664	1794705	2	ЕГЭ	95	78	97	0	270	270	нет	нет	нет	нет	
Общий конкурс	665	952081	2	ВИ	94	100	69	7	263	270	нет	нет	нет	нет	
Общий конкурс	666	1203727	1	ВИ	92	100	78	0	270	270	нет	нет	нет	нет	
Общий конкурс	667	1858279	1	ЕГЭ	92	95	83	0	270	270	нет	нет	нет	нет	
Общий конкурс	668	1194079	2	ЕГЭ	92	93	75	10	260	270	нет	нет	нет	нет	
Общий конкурс	669	1854964	3	ЕГЭ	86	95	89	0	270	270	нет	нет	нет	нет	
Общий конкурс	670	1437832	3	ЕГЭ	86	93	91	0	270	270	нет	нет	нет	нет	
Общий конкурс	671	1213436	3	ЕГЭ	84	98	83	5	265	270	нет	нет	нет	нет	
Общий конкурс	672	2056173	1	ЕГЭ	95	85	86	3	266	269	да	нет	нет	нет	
Общий конкурс	673	1213052	2	ЕГЭ	98	88	83	0	269	269	нет	нет	нет	нет	
Общий конкурс	674	1266219	2	ЕГЭ	97	88	81	3	266	269	нет	нет	нет	нет	
Общий конкурс	675	1549001	3	ЕГЭ	97	83	86	3	266	269	нет	нет	нет	нет	
Общий конкурс	676	1208832	1	ЕГЭ	96	90	81	2	267	269	нет	нет	нет	да	
Общий конкурс	677	2084161	1	ЕГЭ	95	88	81	5	264	269	нет	нет	нет	нет	
Общий конкурс	678	2055007	2	ЕГЭ	95	75	94	5	264	269	нет	нет	нет	нет	
Общий конкурс	679	1166947	4	ЕГЭ	94	90	83	2	267	269	нет	нет	нет	да	
Общий конкурс	680	1252215	1	ЕГЭ	94	80	91	4	265	269	нет	нет	нет	нет	
Общий конкурс	681	1702666	4	ЕГЭ	90	93	86	0	269	269	нет	нет	нет	нет	
Общий конкурс	682	1752003	2	ЕГЭ	90	85	89	5	264	269	нет	нет	нет	нет	
Общий конкурс	683	1258304	3	ВИ	90	80	96	3	266	269	нет	нет	нет	нет	
Общий конкурс	684	1727162	2	ЕГЭ	88	93	81	7	262	269	нет	нет	нет	да	
Общий конкурс	685	1498790	3	ЕГЭ	88	85	91	5	264	269	нет	нет	нет	нет	
Общий конкурс	686	1222562	4	ЕГЭ	84	88	94	3	266	269	нет	нет	нет	нет	
Общий конкурс	687	1285101	3	ЕГЭ	84	80	100	5	264	269	нет	нет	нет	нет	
Общий конкурс	688	1956068	4	ЕГЭ	82	93	91	3	266	269	нет	нет	нет	нет	
Общий конкурс	689	1075081	2	ЕГЭ	86	88	94	0	268	268	да	нет	нет	нет	
Общий конкурс	690	2125419	3	ВИ	100	90	75	3	265	268	нет	нет	нет	нет	
Общий конкурс	691	1420184	3	ВИ	100	85	78	5	263	268	нет	нет	нет	да	
Общий конкурс	692	1571405	2	ВИ	100	75	91	2	266	268	нет	нет	нет	нет	
Общий конкурс	693	1288309	5	ЕГЭ	97	98	70	3	265	268	нет	нет	нет	нет	
Общий конкурс	694	1566496	3	ЕГЭ	97	85	81	5	263	268	нет	нет	нет	нет	
Общий конкурс	695	1307337	3	ЕГЭ	95	90	83	0	268	268	нет	нет	нет	нет	
Общий конкурс	696	1302974	5	ЕГЭ	92	80	94	2	266	268	нет	нет	нет	нет	
Общий конкурс	697	1519188	2	ЕГЭ	84	98	86	0	268	268	нет	нет	нет	нет	
Общий конкурс	698	1339599	2	ЕГЭ	82	95	86	5	263	268	нет	нет	нет	да	
Общий конкурс	699	1980306	4	ЕГЭ	82	83	100	3	265	268	нет	нет	нет	нет	
Общий конкурс	700	1646135	2	ЕГЭ	97	93	75	2	265	267	нет	нет	нет	нет	
Общий конкурс	701	1434980	5	ЕГЭ	96	83	86	2	265	267	нет	нет	нет	нет	
Общий конкурс	702	1605821	1	ЕГЭ	95	83	86	3	264	267	нет	нет	нет	да	
Общий конкурс	703	1432870	4	ВИ			84	3	264	267	нет	нет	нет	да	
Общий конкурс	704	1521769	2	ЕГЭ	90	83	91	3	264	267	нет	нет	нет	нет	
Общий конкурс	705	999454	2	ЕГЭ	88	88	91	0	267	267	нет	нет	нет	нет	
Общий конкурс	706	1349678	4	ВИ	76	100	81	10	257	267	нет	нет	нет	да	
Общий конкурс	707	1366772	3	ВИ	100	78	86	2	264	266	да	нет	нет	нет	
Общий конкурс	708	1980701	5	ЕГЭ	100	85	81	0	266	266	нет	нет	нет	нет	
Общий конкурс	709	1167650	1	ЕГЭ	97	83	83	3	263	266	нет	нет	нет	нет	
Общий конкурс	710	1941186	3	ЕГЭ	96	78	89	3	263	266	нет	нет	нет	нет	
Общий конкурс	711	1892195	3	ВИ	94	100	72	0	266	266	нет	нет	нет	да	
Общий конкурс	712	1404972	2	ЕГЭ	92	93	78	3	263	266	нет	нет	нет	нет	
Общий конкурс	713	1075600	2	ЕГЭ	92	83	86	5	261	266	нет	нет	нет	нет	
Общий конкурс	714	1178645	2	ВИ	90	100	69	7	259	266	нет	нет	нет	нет	
Общий конкурс	715	1289248	1	ЕГЭ	90	90	86	0	266	266	нет	нет	нет	нет	
Общий конкурс	716	1947346	2	ЕГЭ	90	88	86	2	264	266	нет	нет	нет	нет	
Общий конкурс	717	1362283	3	ЕГЭ	90	85	89	2	264	266	нет	нет	нет	нет	
Общий конкурс	718	1429620	2	ЕГЭ	88	90	83	5	261	266	нет	нет	нет	нет	
Общий конкурс	719	1389877	2	ЕГЭ	88	90	83	5	261	266	нет	нет	нет	нет	
Общий конкурс	720	1986872	3	ЕГЭ	88	78	97	3	263	266	нет	нет	нет	нет	
Общий конкурс	721	1176090	1	ЕГЭ	86	80	100	0	266	266	нет	нет	нет	да	
Общий конкурс	722	1196923	2	ЕГЭ	84	88	91	3	263	266	нет	нет	нет	да	
Общий конкурс	723	831453	1	ЕГЭ	84	88	94	0	266	266	нет	нет	нет	нет	
Общий конкурс	724	1786428	4	ЕГЭ	84	83	94	5	261	266	нет	нет	нет	да	
Общий конкурс	725	1424089	2	ЕГЭ	82	95	89	0	266	266	нет	нет	нет	нет	
Общий конкурс	726	1423434	1	ВИ	80	100	83	3	263	266	нет	нет	нет	да	
Общий конкурс	727	2101004	1	ЕГЭ	80	93	89	4	262	266	нет	нет	нет	нет	
Общий конкурс	728	1325099	4	ЕГЭ	78	93	91	4	262	266	нет	нет	нет	нет	
Общий конкурс	729	1712616	1	ЕГЭ	94	85	83	3	262	265	да	нет	нет	нет	
Общий конкурс	730	1916147	5	ЕГЭ	100	93	70	2	263	265	нет	нет	нет	нет	
Общий конкурс	731	1357958	4	ЕГЭ	97	88	73	7	258	265	нет	нет	нет	нет	
Общий конкурс	732	1191747	5	ЕГЭ	95	95	72	3	262	265	нет	нет	нет	нет	
Общий конкурс	733	1410760	5	ЕГЭ	94	88	83	0	265	265	нет	нет	нет	нет	
Общий конкурс	734	1986497	2	ЕГЭ	92	90	78	5	260	265	нет	нет	нет	нет	
Общий конкурс	735	1413688	2	ЕГЭ	92	90	83	0	265	265	нет	нет	нет	нет	
Общий конкурс	736	1169101	2	ЕГЭ	88	83	89	5	260	265	нет	нет	нет	нет	
Общий конкурс	737	1267214	2	ЕГЭ	88	80	94	3	262	265	нет	нет	нет	нет	
Общий конкурс	738	1443549	4	ЕГЭ	86	93	81	5	260	265	нет	нет	нет	нет	
Общий конкурс	739	1197746	4	ЕГЭ	86	93	83	3	262	265	нет	нет	нет	да	
Общий конкурс	740	1578976	3	ЕГЭ	86	88	86	5	260	265	нет	нет	нет	нет	
Общий конкурс	741	1781104	1	ЕГЭ	86	83	91	5	260	265	нет	нет	нет	нет	
Общий конкурс	742	1577089	4	ЕГЭ	86	83	91	5	260	265	нет	нет	нет	нет	
Общий конкурс	743	976386	2	ЕГЭ	84	90	91	0	265	265	нет	нет	нет	да	
Общий конкурс	744	2025776	2	ЕГЭ	84	88	86	7	258	265	нет	нет	нет	нет	
Общий конкурс	745	1620914	3	ЕГЭ	97	78	86	3	261	264	да	нет	нет	нет	
Общий конкурс	746	1526981	4	ЕГЭ	88	80	91	5	259	264	да	нет	нет	нет	
Общий конкурс	747	1120995	1	ВИ			96	3	261	264	нет	нет	нет	нет	
Общий конкурс	748	1200392	1	ЕГЭ	96	85	81	2	262	264	нет	нет	нет	нет	
Общий конкурс	749	1642858	1	ЕГЭ	92	78	91	3	261	264	нет	нет	нет	нет	
Общий конкурс	750	1539979	5	ЕГЭ	90	80	91	3	261	264	нет	нет	нет	нет	
Общий конкурс	751	1695664	1	ЕГЭ	88	90	86	0	264	264	нет	нет	нет	нет	
Общий конкурс	752	1436085	2	ЕГЭ	88	83	91	2	262	264	нет	нет	нет	нет	
Общий конкурс	753	1494763	2	ВИ	86	88	88	2	262	264	нет	нет	нет	нет	
Общий конкурс	754	1177122	3	ЕГЭ	80	95	89	0	264	264	нет	нет	нет	нет	
Общий конкурс	755	2074743	2	ВИ	100	75	78	10	253	263	нет	нет	нет	да	
Общий конкурс	756	1153731	2	ЕГЭ	100	72	89	2	261	263	нет	нет	нет	нет	
Общий конкурс	757	1296359	2	ЕГЭ	95	93	73	2	261	263	нет	нет	нет	нет	
Общий конкурс	758	2055103	5	ЕГЭ	95	90	78	0	263	263	нет	нет	нет	нет	
Общий конкурс	759	1202018	4	ЕГЭ	95	88	78	2	261	263	нет	нет	нет	нет	
Общий конкурс	760	1240997	4	ЕГЭ	94	88	78	3	260	263	нет	нет	нет	да	
Общий конкурс	761	1939661	1	ЕГЭ	94	88	81	0	263	263	нет	нет	нет	нет	
Общий конкурс	762	1412815	3	ЕГЭ	94	85	81	3	260	263	нет	нет	нет	нет	
Общий конкурс	763	1577925	4	ЕГЭ	92	85	86	0	263	263	нет	нет	нет	нет	
Общий конкурс	764	1187895	5	ЕГЭ	92	85	86	0	263	263	нет	нет	нет	нет	
Общий конкурс	765	1577294	2	ЕГЭ	88	88	83	4	259	263	нет	нет	нет	нет	
Общий конкурс	766	989247	1	ЕГЭ	88	85	83	7	256	263	нет	нет	нет	да	
Общий конкурс	767	1403545	2	ЕГЭ	88	83	89	3	260	263	нет	нет	нет	нет	
Общий конкурс	768	1440471	3	ВИ	86	100	72	5	258	263	нет	нет	нет	да	
Общий конкурс	769	1797498	2	ЕГЭ	86	88	86	3	260	263	нет	нет	нет	нет	
Общий конкурс	770	2095731	2	ЕГЭ	86	85	89	3	260	263	нет	нет	нет	нет	
Общий конкурс	771	1855797	1	ЕГЭ	84	85	89	5	258	263	нет	нет	нет	да	
Общий конкурс	772	2132216	1	ЕГЭ	84	80	97	2	261	263	нет	нет	нет	нет	
Общий конкурс	773	1190457	2	ВИ	82	100	81	0	263	263	нет	нет	нет	да	
Общий конкурс	774	1789015	1	ЕГЭ	82	95	81	5	258	263	нет	нет	нет	нет	
Общий конкурс	775	1844579	1	ЕГЭ	82	93	81	7	256	263	нет	нет	нет	да	
Общий конкурс	776	1628962	1	ЕГЭ	82	90	89	2	261	263	нет	нет	нет	нет	
Общий конкурс	777	1521786	2	ВИ	76	100	81	6	257	263	нет	нет	нет	да	
Общий конкурс	778	1176642	2	ЕГЭ	97	80	83	2	260	262	нет	нет	нет	нет	
Общий конкурс	779	1401580	3	ВИ	96	100	66	0	262	262	нет	нет	нет	да	
Общий конкурс	780	1851632	2	ЕГЭ	94	83	83	2	260	262	нет	нет	нет	нет	
Общий конкурс	781	1170107	2	ЕГЭ	94	80	83	5	257	262	нет	нет	нет	нет	
Общий конкурс	782	1559669	2	ЕГЭ	90	88	81	3	259	262	нет	нет	нет	нет	
Общий конкурс	783	1799588	1	ЕГЭ	90	80	89	3	259	262	нет	нет	нет	да	
Общий конкурс	784	1860147	2	ЕГЭ	90	78	94	0	262	262	нет	нет	нет	нет	
Общий конкурс	785	978877	5	ЕГЭ	88	85	86	3	259	262	нет	нет	нет	нет	
Общий конкурс	786	1644200	1	ЕГЭ	88	85	86	3	259	262	нет	нет	нет	нет	
Общий конкурс	787	1334165	4	ЕГЭ	88	83	91	0	262	262	нет	нет	нет	нет	
Общий конкурс	788	2120478	5	ЕГЭ	86	93	83	0	262	262	нет	нет	нет	нет	
Общий конкурс	789	1933358	4	ВИ	84	95	80	3	259	262	нет	нет	нет	нет	
Общий конкурс	790	1697724	2	ЕГЭ	80	88	94	0	262	262	нет	нет	нет	нет	
Общий конкурс	791	1207718	2	ЕГЭ	76	93	86	7	255	262	нет	нет	нет	нет	
Общий конкурс	792	1830105	2	ЕГЭ	90	85	86	0	261	261	да	нет	нет	нет	
Общий конкурс	793	1213622	2	ЕГЭ	84	88	86	3	258	261	да	нет	нет	нет	
Общий конкурс	794	1782149	5	ЕГЭ	95	93	73	0	261	261	нет	нет	нет	нет	
Общий конкурс	795	1207472	3	ЕГЭ	90	85	86	0	261	261	нет	нет	нет	нет	
Общий конкурс	796	1136548	2	ЕГЭ	88	95	75	3	258	261	нет	нет	нет	нет	
Общий конкурс	797	1612639	3	ЕГЭ	88	85	83	5	256	261	нет	нет	нет	нет	
Общий конкурс	798	1794948	3	ЕГЭ	88	85	86	2	259	261	нет	нет	нет	нет	
Общий конкурс	799	1730142	1	ЕГЭ	86	93	72	10	251	261	нет	нет	нет	нет	
Общий конкурс	800	1979401	1	ЕГЭ	86	83	89	3	258	261	нет	нет	нет	нет	
Общий конкурс	801	1549487	2	ЕГЭ	82	90	86	3	258	261	нет	нет	нет	нет	
Общий конкурс	802	1233637	3	ЕГЭ	82	90	89	0	261	261	нет	нет	нет	нет	
Общий конкурс	803	1714274	3	ЕГЭ	82	78	94	7	254	261	нет	нет	нет	нет	
Общий конкурс	804	1617815	3	ЕГЭ	80	93	83	5	256	261	нет	нет	нет	нет	
Общий конкурс	805	1202768	1	ЕГЭ	84	88	83	5	255	260	да	нет	нет	нет	
Общий конкурс	806	1949248	4	ВИ	100	83	72	5	255	260	нет	нет	нет	нет	
Общий конкурс	807	2054448	3	ВИ	100	80	78	2	258	260	нет	нет	нет	да	
Общий конкурс	808	1642230	2	ВИ	100	64	86	10	250	260	нет	нет	нет	нет	
Общий конкурс	809	1628065	1	ЕГЭ	97	85	75	3	257	260	нет	нет	нет	нет	
Общий конкурс	810	1259014	2	ЕГЭ	95	90	75	0	260	260	нет	нет	нет	нет	
Общий конкурс	811	1185033	5	ЕГЭ	94	88	78	0	260	260	нет	нет	нет	да	
Общий конкурс	812	1353467	1	ЕГЭ	94	80	83	3	257	260	нет	нет	нет	нет	
Общий конкурс	813	1803136	2	ВИ	90	100	70	0	260	260	нет	нет	нет	нет	
Общий конкурс	814	1361162	1	ЕГЭ	90	95	75	0	260	260	нет	нет	нет	нет	
Общий конкурс	815	1171954	3	ЕГЭ	90	90	78	2	258	260	нет	нет	нет	нет	
Общий конкурс	816	1423330	3	ВИ			92	3	257	260	нет	нет	нет	нет	
Общий конкурс	817	1632536	2	ЕГЭ	88	85	83	4	256	260	нет	нет	нет	нет	
Общий конкурс	818	1850906	2	ЕГЭ	88	83	89	0	260	260	нет	нет	нет	нет	
Общий конкурс	819	1232484	3	ЕГЭ	86	93	81	0	260	260	нет	нет	нет	нет	
Общий конкурс	820	1512165	3	ЕГЭ	86	88	81	5	255	260	нет	нет	нет	нет	
Общий конкурс	821	1718499	2	ЕГЭ	86	75	94	5	255	260	нет	нет	нет	нет	
Общий конкурс	822	1180169	1	ЕГЭ	84	95	81	0	260	260	нет	нет	нет	нет	
Общий конкурс	823	1561729	2	ЕГЭ	84	88	86	2	258	260	нет	нет	нет	нет	
Общий конкурс	824	1430487	2	ЕГЭ	84	85	89	2	258	260	нет	нет	нет	нет	
Общий конкурс	825	2032712	1	ЕГЭ	82	85	91	2	258	260	нет	нет	нет	нет	
Общий конкурс	826	1182125	1	ЕГЭ	88	90	78	3	256	259	да	нет	нет	нет	
Общий конкурс	827	1158630	3	ЕГЭ	96	75	81	7	252	259	нет	нет	нет	нет	
Общий конкурс	828	1913528	2	ЕГЭ	95	83	75	6	253	259	нет	нет	нет	нет	
Общий конкурс	829	1842103	2	ЕГЭ	94	88	75	2	257	259	нет	нет	нет	нет	
Общий конкурс	830	1346475	4	ЕГЭ	90	88	81	0	259	259	нет	нет	нет	нет	
Общий конкурс	831	1649746	5	ЕГЭ	90	83	81	5	254	259	нет	нет	нет	нет	
Общий конкурс	832	1567887	1	ЕГЭ	88	98	73	0	259	259	нет	нет	нет	нет	
Общий конкурс	833	1291948	5	ЕГЭ	88	90	81	0	259	259	нет	нет	нет	нет	
Общий конкурс	834	1419708	3	ЕГЭ	86	88	75	10	249	259	нет	нет	нет	нет	
Общий конкурс	835	1673039	2	ЕГЭ	84	83	89	3	256	259	нет	нет	нет	нет	
Общий конкурс	836	2005758	5	ЕГЭ	84	83	89	3	256	259	нет	нет	нет	нет	
Общий конкурс	837	1381753	3	ЕГЭ	82	85	89	3	256	259	нет	нет	нет	нет	
Общий конкурс	838	1105480	3	ЕГЭ	82	80	94	3	256	259	нет	нет	нет	нет	
Общий конкурс	839	1860526	3	ЕГЭ	80	85	91	3	256	259	нет	нет	нет	нет	
Общий конкурс	840	2047923	2	ЕГЭ	80	83	91	5	254	259	нет	нет	нет	нет	
Общий конкурс	841	1326301	2	ЕГЭ	78	88	91	2	257	259	нет	нет	нет	нет	
Общий конкурс	842	1264189	1	ЕГЭ	84	85	89	0	258	258	да	нет	нет	нет	
Общий конкурс	843	1497411	2	ЕГЭ	82	80	94	2	256	258	да	нет	нет	нет	
Общий конкурс	844	1720433	1	ЕГЭ	95	80	81	2	256	258	нет	нет	нет	нет	
Общий конкурс	845	1958431	3	ЕГЭ	92	80	86	0	258	258	нет	нет	нет	нет	
Общий конкурс	846	1241208	5	ЕГЭ	90	85	78	5	253	258	нет	нет	нет	нет	
Общий конкурс	847	1332008	2	ЕГЭ	90	83	83	2	256	258	нет	нет	нет	нет	
Общий конкурс	848	1437425	1	ЕГЭ	86	83	89	0	258	258	нет	нет	нет	нет	
Общий конкурс	849	1908356	1	ЕГЭ	86	83	89	0	258	258	нет	нет	нет	нет	
Общий конкурс	850	1257502	3	ЕГЭ	84	85	89	0	258	258	нет	нет	нет	нет	
Общий конкурс	851	1584629	3	ЕГЭ	82	88	86	2	256	258	нет	нет	нет	нет	
Общий конкурс	852	948491	3	ЕГЭ	82	83	91	2	256	258	нет	нет	нет	нет	
Общий конкурс	853	1538749	3	ЕГЭ	78	83	94	3	255	258	нет	нет	нет	нет	
Общий конкурс	854	1150607	2	ВИ	100	70	84	3	254	257	нет	нет	нет	нет	
Общий конкурс	855	1258631	2	ЕГЭ	98	90	69	0	257	257	нет	нет	нет	да	
Общий конкурс	856	1852953	4	ЕГЭ	97	83	72	5	252	257	нет	нет	нет	нет	
Общий конкурс	857	1436610	2	ЕГЭ	96	75	86	0	257	257	нет	нет	нет	нет	
Общий конкурс	858	1437072	4	ЕГЭ	94	93	70	0	257	257	нет	нет	нет	нет	
Общий конкурс	859	1531111	5	ЕГЭ	94	88	73	2	255	257	нет	нет	нет	нет	
Общий конкурс	860	1651707	3	ЕГЭ	94	85	78	0	257	257	нет	нет	нет	нет	
Общий конкурс	861	1423820	2	ЕГЭ	92	80	83	2	255	257	нет	нет	нет	нет	
Общий конкурс	862	1632214	1	ЕГЭ	90	90	75	2	255	257	нет	нет	нет	нет	
Общий конкурс	863	1500123	1	ЕГЭ	90	78	89	0	257	257	нет	нет	нет	нет	
Общий конкурс	864	1656361	1	ЕГЭ	88	88	78	3	254	257	нет	нет	нет	нет	
Общий конкурс	865	1636577	1	ЕГЭ	88	88	81	0	257	257	нет	нет	нет	нет	
Общий конкурс	866	1866094	2	ЕГЭ	88	80	86	3	254	257	нет	нет	нет	нет	
Общий конкурс	867	1493624	2	ЕГЭ	88	80	89	0	257	257	нет	нет	нет	нет	
Общий конкурс	868	1961302	2	ЕГЭ	88	75	94	0	257	257	нет	нет	нет	нет	
Общий конкурс	869	1175761	1	ЕГЭ	86	90	81	0	257	257	нет	нет	нет	нет	
Общий конкурс	870	1914471	2	ЕГЭ	90	75	91	0	256	256	да	нет	нет	нет	
Общий конкурс	871	1572773	2	ВИ	100	80	66	10	246	256	нет	нет	нет	да	
Общий конкурс	872	2091372	1	ЕГЭ	100	80	67	9	247	256	нет	нет	нет	нет	
Общий конкурс	873	1985351	2	ЕГЭ	95	90	69	2	254	256	нет	нет	нет	нет	
Общий конкурс	874	1248208	5	ЕГЭ	95	80	81	0	256	256	нет	нет	нет	нет	
Общий конкурс	875	1332897	3	ЕГЭ	95	78	81	2	254	256	нет	нет	нет	нет	
Общий конкурс	876	1790848	1	ЕГЭ	94	90	72	0	256	256	нет	нет	нет	нет	
Общий конкурс	877	1164566	5	ЕГЭ	92	75	89	0	256	256	нет	нет	нет	нет	
Общий конкурс	878	1613281	2	ЕГЭ	88	85	83	0	256	256	нет	нет	нет	нет	
Общий конкурс	879	1716048	1	ЕГЭ	88	85	83	0	256	256	нет	нет	нет	нет	
Общий конкурс	880	1178970	2	ЕГЭ	88	85	83	0	256	256	нет	нет	нет	нет	
Общий конкурс	881	1264468	5	ЕГЭ	84	83	86	3	253	256	нет	нет	нет	нет	
Общий конкурс	882	1185056	2	ЕГЭ	82	85	89	0	256	256	нет	нет	нет	нет	
Общий конкурс	883	1492656	1	ЕГЭ	78	90	78	10	246	256	нет	нет	нет	нет	
Общий конкурс	884	1959461	2	ВИ	100	85	70	0	255	255	нет	нет	нет	нет	
Общий конкурс	885	1540646	5	ВИ	100	72	78	5	250	255	нет	нет	нет	да	
Общий конкурс	886	1578853	1	ВИ	100	70	78	7	248	255	нет	нет	нет	нет	
Общий конкурс	887	1510302	2	ВИ	100	55	100	0	255	255	нет	нет	нет	нет	
Общий конкурс	888	1429275	2	ЕГЭ	97	80	78	0	255	255	нет	нет	нет	да	
Общий конкурс	889	1277114	2	ЕГЭ	92	93	70	0	255	255	нет	нет	нет	нет	
Общий конкурс	890	1292432	5	ЕГЭ	90	80	78	7	248	255	нет	нет	нет	нет	
Общий конкурс	891	1855130	4	ЕГЭ	86	85	81	3	252	255	нет	нет	нет	нет	
Общий конкурс	892	1424522	2	ЕГЭ	86	85	81	3	252	255	нет	нет	нет	нет	
Общий конкурс	893	1777652	5	ЕГЭ	84	93	78	0	255	255	нет	нет	нет	нет	
Общий конкурс	894	1688588	3	ЕГЭ	84	80	91	0	255	255	нет	нет	нет	нет	
Общий конкурс	895	1849208	4	ЕГЭ	78	93	81	3	252	255	нет	нет	нет	нет	
Общий конкурс	896	980159	2	ЕГЭ	86	85	83	0	254	254	да	нет	нет	нет	
Общий конкурс	897	2112737	2	ЕГЭ	95	78	78	3	251	254	нет	нет	нет	нет	
Общий конкурс	898	1428954	1	ЕГЭ	92	85	75	2	252	254	нет	нет	нет	нет	
Общий конкурс	899	1495310	3	ЕГЭ	90	83	81	0	254	254	нет	нет	нет	нет	
Общий конкурс	900	1615925	2	ЕГЭ	86	98	70	0	254	254	нет	нет	нет	нет	
Общий конкурс	901	1576560	2	ЕГЭ	84	90	75	5	249	254	нет	нет	нет	нет	
Общий конкурс	902	2108659	2	ЕГЭ	82	75	97	0	254	254	нет	нет	нет	нет	
Общий конкурс	903	1365249	2	ВИ	80	100	66	8	246	254	нет	нет	нет	да	
Общий конкурс	904	1274322	5	ЕГЭ	80	83	89	2	252	254	нет	нет	нет	нет	
Общий конкурс	905	1298301	4	ЕГЭ	80	83	91	0	254	254	нет	нет	нет	нет	
Общий конкурс	906	1616763	3	ЕГЭ	78	80	91	5	249	254	нет	нет	нет	нет	
Общий конкурс	907	1235413	2	ВИ	100	80	70	3	250	253	нет	нет	нет	да	
Общий конкурс	908	1730728	1	ВИ	100	72	81	0	253	253	нет	нет	нет	нет	
Общий конкурс	909	1237289	4	ЕГЭ	95	75	81	2	251	253	нет	нет	нет	нет	
Общий конкурс	910	1180570	1	ЕГЭ	94	78	81	0	253	253	нет	нет	нет	нет	
Общий конкурс	911	1228453	2	ЕГЭ	90	78	78	7	246	253	нет	нет	нет	нет	
Общий конкурс	912	1794021	3	ЕГЭ	88	85	75	5	248	253	нет	нет	нет	нет	
Общий конкурс	913	1176502	2	ВИ	84	100	69	0	253	253	нет	нет	нет	да	
Общий конкурс	914	1028483	1	ЕГЭ	84	78	91	0	253	253	нет	нет	нет	да	
Общий конкурс	915	1187443	1	ЕГЭ	80	90	83	0	253	253	нет	нет	нет	нет	
Общий конкурс	916	1278013	1	ВИ	100	83	66	3	249	252	да	нет	нет	нет	
Общий конкурс	917	1602189	3	ВИ	100	85	67	0	252	252	нет	нет	нет	да	
Общий конкурс	918	1050098	2	ВИ	100	80	72	0	252	252	нет	нет	нет	да	
Общий конкурс	919	1726156	2	ВИ	100	75	75	2	250	252	нет	нет	нет	нет	
Общий конкурс	920	1560698	2	ВИ	100	64	81	7	245	252	нет	нет	нет	да	
Общий конкурс	921	1250066	1	ЕГЭ	92	88	72	0	252	252	нет	нет	нет	нет	
Общий конкурс	922	1169181	1	ЕГЭ	88	83	78	3	249	252	нет	нет	нет	нет	
Общий конкурс	923	1382633	1	ЕГЭ	88	78	86	0	252	252	нет	нет	нет	нет	
Общий конкурс	924	1541188	2	ЕГЭ	86	83	83	0	252	252	нет	нет	нет	нет	
Общий конкурс	925	1791705	2	ЕГЭ	86	80	81	5	247	252	нет	нет	нет	нет	
Общий конкурс	926	1517779	2	ЕГЭ	86	75	89	2	250	252	нет	нет	нет	нет	
Общий конкурс	927	1738048	2	ЕГЭ	84	88	78	2	250	252	нет	нет	нет	нет	
Общий конкурс	928	1619833	3	ЕГЭ	84	83	83	2	250	252	нет	нет	нет	нет	
Общий конкурс	929	1572504	2	ВИ	82	100	70	0	252	252	нет	нет	нет	да	
Общий конкурс	930	1687378	1	ЕГЭ	74	93	78	7	245	252	нет	нет	нет	нет	
Общий конкурс	931	1249072	1	ВИ	100	70	81	0	251	251	нет	нет	нет	нет	
Общий конкурс	932	1234852	4	ЕГЭ	90	75	83	3	248	251	нет	нет	нет	да	
Общий конкурс	933	1857043	5	ЕГЭ	88	85	73	5	246	251	нет	нет	нет	нет	
Общий конкурс	934	1556475	2	ЕГЭ	88	80	83	0	251	251	нет	нет	нет	нет	
Общий конкурс	935	1194810	2	ЕГЭ	88	80	83	0	251	251	нет	нет	нет	нет	
Общий конкурс	936	1415850	1	ЕГЭ	88	80	83	0	251	251	нет	нет	нет	нет	
Общий конкурс	937	1378987	3	ЕГЭ	86	90	70	5	246	251	нет	нет	нет	нет	
Общий конкурс	938	1177443	2	ЕГЭ	86	88	75	2	249	251	нет	нет	нет	нет	
Общий конкурс	939	1200328	2	ЕГЭ	86	85	78	2	249	251	нет	нет	нет	нет	
Общий конкурс	940	1211430	3	ЕГЭ	80	93	75	3	248	251	нет	нет	нет	нет	
Общий конкурс	941	1572994	1	ЕГЭ	80	85	83	3	248	251	нет	нет	нет	нет	
Общий конкурс	942	1205328	4	ЕГЭ	72	80	97	2	249	251	нет	нет	нет	да	
Общий конкурс	943	1203206	2	ВИ	100	67	78	5	245	250	нет	нет	нет	да	
Общий конкурс	944	1593559	3	ЕГЭ	94	78	78	0	250	250	нет	нет	нет	нет	
Общий конкурс	945	1846044	4	ЕГЭ	90	88	72	0	250	250	нет	нет	нет	нет	
Общий конкурс	946	1729868	5	ЕГЭ	90	75	75	10	240	250	нет	нет	нет	да	
Общий конкурс	947	1913014	1	ЕГЭ	88	85	75	2	248	250	нет	нет	нет	нет	
Общий конкурс	948	1257271	1	ЕГЭ	86	83	81	0	250	250	нет	нет	нет	нет	
Общий конкурс	949	1489613	2	ЕГЭ	84	85	81	0	250	250	нет	нет	нет	нет	
Общий конкурс	950	1166095	4	ЕГЭ	82	90	78	0	250	250	нет	нет	нет	нет	
Общий конкурс	951	1643383	2	ЕГЭ	78	83	89	0	250	250	нет	нет	нет	нет	
Общий конкурс	952	1327426	3	ЕГЭ	78	83	89	0	250	250	нет	нет	нет	нет	
Общий конкурс	953	1420841	2	ЕГЭ	76	83	91	0	250	250	нет	нет	нет	нет	
Общий конкурс	954	1724226	4	ЕГЭ	88	83	78	0	249	249	да	нет	нет	нет	
Общий конкурс	955	1863653	3	ЕГЭ	82	78	86	3	246	249	да	нет	нет	нет	
Общий конкурс	956	1353907	2	ВИ	100	70	73	6	243	249	нет	нет	нет	да	
Общий конкурс	957	1268686	2	ЕГЭ	94	80	73	2	247	249	нет	нет	нет	нет	
Общий конкурс	958	1906796	3	ЕГЭ	88	75	86	0	249	249	нет	нет	нет	нет	
Общий конкурс	959	1727645	4	ЕГЭ	86	85	78	0	249	249	нет	нет	нет	нет	
Общий конкурс	960	1832091	1	ЕГЭ	82	90	73	4	245	249	нет	нет	нет	нет	
Общий конкурс	961	1617154	5	ЕГЭ	80	75	91	3	246	249	нет	нет	нет	нет	
Общий конкурс	962	1699250	5	ЕГЭ	78	85	81	5	244	249	нет	нет	нет	нет	
Общий конкурс	963	1432804	1	ЕГЭ	78	85	86	0	249	249	нет	нет	нет	нет	
Общий конкурс	964	1441018	2	ЕГЭ	90	83	75	0	248	248	нет	нет	нет	нет	
Общий конкурс	965	1644847	1	ЕГЭ	90	70	83	5	243	248	нет	нет	нет	нет	
Общий конкурс	966	1146961	2	ЕГЭ	90	64	94	0	248	248	нет	нет	нет	нет	
Общий конкурс	967	2067731	2	ЕГЭ	88	88	72	0	248	248	нет	нет	нет	нет	
Общий конкурс	968	1345506	5	ЕГЭ	88	85	75	0	248	248	нет	нет	нет	нет	
Общий конкурс	969	1846736	2	ЕГЭ	86	78	81	3	245	248	нет	нет	нет	нет	
Общий конкурс	970	1266611	1	ЕГЭ	84	78	86	0	248	248	нет	нет	нет	нет	
Общий конкурс	971	1422979	2	ЕГЭ	84	75	89	0	248	248	нет	нет	нет	нет	
Общий конкурс	972	1993923	1	ЕГЭ	82	83	83	0	248	248	нет	нет	нет	нет	
Общий конкурс	973	1631114	1	ЕГЭ	82	80	86	0	248	248	нет	нет	нет	нет	
Общий конкурс	974	1759242	1	ВИ	100	78	64	5	242	247	нет	нет	нет	нет	
Общий конкурс	975	2055878	2	ЕГЭ	97	83	67	0	247	247	нет	нет	нет	нет	
Общий конкурс	976	1625448	4	ЕГЭ	94	70	83	0	247	247	нет	нет	нет	нет	
Общий конкурс	977	1974954	1	ЕГЭ	88	75	81	3	244	247	нет	нет	нет	нет	
Общий конкурс	978	2000738	5	ЕГЭ	86	88	73	0	247	247	нет	нет	нет	нет	
Общий конкурс	979	1091676	2	ЕГЭ	84	90	73	0	247	247	нет	нет	нет	нет	
Общий конкурс	980	1204514	2	ЕГЭ	84	85	75	3	244	247	нет	нет	нет	нет	
Общий конкурс	981	1932541	4	ЕГЭ	84	85	78	0	247	247	нет	нет	нет	нет	
Общий конкурс	982	1416235	3	ЕГЭ	80	83	75	9	238	247	нет	нет	нет	нет	
Общий конкурс	983	1604179	2	ЕГЭ	76	88	81	2	245	247	нет	нет	нет	нет	
Общий конкурс	984	1356463	3	ЕГЭ	88	83	75	0	246	246	нет	нет	нет	да	
Общий конкурс	985	1438784	3	ЕГЭ	84	88	72	2	244	246	нет	нет	нет	нет	
Общий конкурс	986	1977769	2	ЕГЭ	82	83	81	0	246	246	нет	нет	нет	нет	
Общий конкурс	987	1727297	2	ЕГЭ	82	78	86	0	246	246	нет	нет	нет	нет	
Общий конкурс	988	1636598	1	ЕГЭ	80	80	86	0	246	246	нет	нет	нет	нет	
Общий конкурс	989	1198431	1	ЕГЭ	76	85	83	2	244	246	нет	нет	нет	нет	
Общий конкурс	990	1766402	2	ЕГЭ	92	72	81	0	245	245	нет	нет	нет	нет	
Общий конкурс	991	1291660	2	ЕГЭ	90	80	75	0	245	245	нет	нет	нет	нет	
Общий конкурс	992	1267681	5	ЕГЭ	88	85	70	2	243	245	нет	нет	нет	да	
Общий конкурс	993	975399	2	ЕГЭ	86	78	81	0	245	245	нет	нет	нет	нет	
Общий конкурс	994	1517811	3	ЕГЭ	84	93	64	4	241	245	нет	нет	нет	нет	
Общий конкурс	995	1175009	2	ЕГЭ	82	88	72	3	242	245	нет	нет	нет	нет	
Общий конкурс	996	2055401	5	ЕГЭ	82	85	78	0	245	245	нет	нет	нет	нет	
Общий конкурс	997	1515953	4	ЕГЭ	76	85	78	5	239	244	да	нет	нет	нет	
Общий конкурс	998	1447639	3	ЕГЭ	95	78	69	2	242	244	нет	нет	нет	нет	
Общий конкурс	999	1354873	2	ЕГЭ	92	83	69	0	244	244	нет	нет	нет	нет	
Общий конкурс	1000	1507747	1	ЕГЭ	90	70	81	3	241	244	нет	нет	нет	нет	
Общий конкурс	1001	1488611	5	ЕГЭ	88	70	86	0	244	244	нет	нет	нет	нет	
Общий конкурс	1002	1441155	4	ЕГЭ	86	83	70	5	239	244	нет	нет	нет	нет	
Общий конкурс	1003	1243350	2	ЕГЭ	82	90	72	0	244	244	нет	нет	нет	нет	
Общий конкурс	1004	1613487	1	ЕГЭ	78	93	70	3	241	244	нет	нет	нет	нет	
Общий конкурс	1005	1887302	4	ЕГЭ	78	85	78	3	241	244	нет	нет	нет	нет	
Общий конкурс	1006	1472794	4	ЕГЭ	74	85	78	7	237	244	нет	нет	нет	нет	
Общий конкурс	1007	1567483	4	ЕГЭ	84	83	73	3	240	243	да	нет	нет	нет	
Общий конкурс	1008	2054322	2	ЕГЭ	97	83	61	2	241	243	нет	нет	нет	нет	
Общий конкурс	1009	1185442	4	ЕГЭ	84	88	66	5	238	243	нет	нет	нет	нет	
Общий конкурс	1010	1985632	5	ЕГЭ	82	83	78	0	243	243	нет	нет	нет	нет	
Общий конкурс	1011	1291820	3	ЕГЭ	82	75	81	5	238	243	нет	нет	нет	нет	
Общий конкурс	1012	1950810	1	ЕГЭ	80	88	70	5	238	243	нет	нет	нет	нет	
Общий конкурс	1013	1958421	4	ЕГЭ	76	90	75	2	241	243	нет	нет	нет	нет	
Общий конкурс	1014	2042644	3	ЕГЭ	86	78	78	0	242	242	да	нет	нет	нет	
Общий конкурс	1015	1652109	4	ЕГЭ	95	72	75	0	242	242	нет	нет	нет	нет	
Общий конкурс	1016	1189224	2	ЕГЭ	94	78	64	6	236	242	нет	нет	нет	нет	
Общий конкурс	1017	1702161	4	ЕГЭ	90	85	67	0	242	242	нет	нет	нет	нет	
Общий конкурс	1018	1146599	5	ВИ	90	60	92	0	242	242	нет	нет	нет	нет	
Общий конкурс	1019	2121808	2	ЕГЭ	88	88	66	0	242	242	нет	нет	нет	нет	
Общий конкурс	1020	1581782	2	ЕГЭ	84	85	70	3	239	242	нет	нет	нет	нет	
Общий конкурс	1021	2005194	1	ЕГЭ	84	83	73	2	240	242	нет	нет	нет	нет	
Общий конкурс	1022	1592716	3	ЕГЭ	84	75	78	5	237	242	нет	нет	нет	нет	
Общий конкурс	1023	1787522	1	ЕГЭ	80	78	81	3	239	242	нет	нет	нет	нет	
Общий конкурс	1024	1367646	1	ЕГЭ	88	78	75	0	241	241	нет	нет	нет	нет	
Общий конкурс	1025	1793497	4	ЕГЭ	88	75	78	0	241	241	нет	нет	нет	нет	
Общий конкурс	1026	1690740	2	ЕГЭ	86	88	67	0	241	241	нет	нет	нет	нет	
Общий конкурс	1027	1608243	3	ЕГЭ	84	83	72	2	239	241	нет	нет	нет	нет	
Общий конкурс	1028	1215044	3	ЕГЭ	82	78	81	0	241	241	нет	нет	нет	нет	
Общий конкурс	1029	957798	3	ЕГЭ	80	75	83	3	238	241	нет	нет	нет	нет	
Общий конкурс	1030	1367609	2	ЕГЭ	78	88	75	0	241	241	нет	нет	нет	нет	
Общий конкурс	1031	2060364	1	ЕГЭ	95	70	72	3	237	240	нет	нет	нет	нет	
Общий конкурс	1032	2040617	4	ЕГЭ	90	70	78	2	238	240	нет	нет	нет	нет	
Общий конкурс	1033	1843334	4	ЕГЭ	88	80	69	3	237	240	нет	нет	нет	нет	
Общий конкурс	1034	984674	1	ЕГЭ	86	80	69	5	235	240	нет	нет	нет	нет	
Общий конкурс	1035	1512354	1	ЕГЭ	86	62	83	9	231	240	нет	нет	нет	нет	
Общий конкурс	1036	1541028	1	ЕГЭ	84	64	89	3	237	240	нет	нет	нет	нет	
Общий конкурс	1037	1617370	1	ЕГЭ	82	72	83	3	237	240	нет	нет	нет	нет	
Общий конкурс	1038	1727550	2	ЕГЭ	80	80	78	2	238	240	нет	нет	нет	нет	
Общий конкурс	1039	1785482	2	ЕГЭ	78	90	72	0	240	240	нет	нет	нет	нет	
Общий конкурс	1040	1350742	2	ВИ	100	70	63	6	233	239	нет	нет	нет	нет	
Общий конкурс	1041	1963250	4	ЕГЭ	95	78	66	0	239	239	нет	нет	нет	нет	
Общий конкурс	1042	1169582	3	ЕГЭ	92	78	69	0	239	239	нет	нет	нет	нет	
Общий конкурс	1043	1350613	1	ЕГЭ	86	80	73	0	239	239	нет	нет	нет	нет	
Общий конкурс	1044	1479737	2	ЕГЭ	86	75	75	3	236	239	нет	нет	нет	нет	
Общий конкурс	1045	1960737	4	ЕГЭ	82	80	72	5	234	239	нет	нет	нет	нет	
Общий конкурс	1046	1258829	3	ЕГЭ	82	80	75	2	237	239	нет	нет	нет	нет	
Общий конкурс	1047	1835222	4	ЕГЭ	82	80	75	2	237	239	нет	нет	нет	нет	
Общий конкурс	1048	2053944	4	ЕГЭ	80	78	78	3	236	239	нет	нет	нет	нет	
Общий конкурс	1049	2005002	1	ЕГЭ	80	70	86	3	236	239	нет	нет	нет	нет	
Общий конкурс	1050	1550932	1	ЕГЭ	95	64	70	9	229	238	нет	нет	нет	нет	
Общий конкурс	1051	1407019	4	ЕГЭ	94	75	69	0	238	238	нет	нет	нет	нет	
Общий конкурс	1052	2121763	4	ЕГЭ	94	75	69	0	238	238	нет	нет	нет	нет	
Общий конкурс	1053	1264424	2	ЕГЭ	94	72	72	0	238	238	нет	нет	нет	нет	
Общий конкурс	1054	1644009	4	ЕГЭ	88	78	70	2	236	238	нет	нет	нет	нет	
Общий конкурс	1055	973262	1	ЕГЭ	88	78	72	0	238	238	нет	нет	нет	нет	
Общий конкурс	1056	1419009	2	ЕГЭ	82	83	73	0	238	238	нет	нет	нет	нет	
Общий конкурс	1057	1440064	3	ЕГЭ	82	80	73	3	235	238	нет	нет	нет	нет	
Общий конкурс	1058	1987653	1	ЕГЭ	82	72	81	3	235	238	нет	нет	нет	нет	
Общий конкурс	1059	1337967	3	ЕГЭ	80	72	83	3	235	238	нет	нет	нет	нет	
Общий конкурс	1060	2101357	2	ЕГЭ	80	67	91	0	238	238	нет	нет	нет	нет	
Общий конкурс	1061	1753980	2	ЕГЭ	78	85	75	0	238	238	нет	нет	нет	нет	
Общий конкурс	1062	2088424	3	ЕГЭ	86	80	69	2	235	237	нет	нет	нет	нет	
Общий конкурс	1063	1202443	1	ЕГЭ	84	83	70	0	237	237	нет	нет	нет	нет	
Общий конкурс	1064	1794176	4	ЕГЭ	84	70	83	0	237	237	нет	нет	нет	нет	
Общий конкурс	1065	1908013	4	ЕГЭ	82	75	75	5	232	237	нет	нет	нет	нет	
Общий конкурс	1066	2089982	1	ЕГЭ	82	72	83	0	237	237	нет	нет	нет	нет	
Общий конкурс	1067	1624554	3	ЕГЭ	80	85	67	5	232	237	нет	нет	нет	нет	
Общий конкурс	1068	1522118	1	ЕГЭ	80	85	72	0	237	237	нет	нет	нет	нет	
Общий конкурс	1069	2037018	2	ЕГЭ	78	78	81	0	237	237	нет	нет	нет	нет	
Общий конкурс	1070	2097645	3	ЕГЭ	78	72	83	4	233	237	нет	нет	нет	да	
Общий конкурс	1071	1287096	3	ЕГЭ	76	90	69	2	235	237	нет	нет	нет	нет	
Общий конкурс	1072	1705138	4	ЕГЭ	76	83	78	0	237	237	нет	нет	нет	нет	
Общий конкурс	1073	1605357	4	ЕГЭ	74	83	73	7	230	237	нет	нет	нет	да	
Общий конкурс	1074	1729661	1	ЕГЭ	70	78	89	0	237	237	нет	нет	нет	нет	
Общий конкурс	1075	1124236	5	ВИ			88	3	233	236	нет	нет	нет	нет	
Общий конкурс	1076	1766167	2	ЕГЭ	86	88	60	2	234	236	нет	нет	нет	нет	
Общий конкурс	1077	1327996	3	ЕГЭ	82	83	69	2	234	236	нет	нет	нет	нет	
Общий конкурс	1078	1330985	1	ЕГЭ	82	80	72	2	234	236	нет	нет	нет	нет	
Общий конкурс	1079	1563527	2	ЕГЭ	80	80	73	3	233	236	нет	нет	нет	нет	
Общий конкурс	1080	1823213	3	ЕГЭ	80	72	81	3	233	236	нет	нет	нет	нет	
Общий конкурс	1081	1621857	1	ЕГЭ	78	75	81	2	234	236	нет	нет	нет	нет	
Общий конкурс	1082	1243098	4	ЕГЭ	78	75	81	2	234	236	нет	нет	нет	нет	
Общий конкурс	1083	1212469	2	ЕГЭ	76	75	75	10	226	236	нет	нет	нет	да	
Общий конкурс	1084	1656833	5	ЕГЭ	70	80	81	5	231	236	нет	нет	нет	нет	
Общий конкурс	1085	1545602	2	ВИ	100	59	69	7	228	235	нет	нет	нет	да	
Общий конкурс	1086	1998437	5	ЕГЭ	88	83	64	0	235	235	нет	нет	нет	нет	
Общий конкурс	1087	1586965	3	ЕГЭ	88	78	69	0	235	235	нет	нет	нет	нет	
Общий конкурс	1088	1567844	3	ЕГЭ	82	78	73	2	233	235	нет	нет	нет	нет	
Общий конкурс	1089	1438952	5	ЕГЭ	80	83	67	5	230	235	нет	нет	нет	нет	
Общий конкурс	1090	1215613	3	ЕГЭ	80	80	75	0	235	235	нет	нет	нет	нет	
Общий конкурс	1091	1787632	5	ЕГЭ	76	78	78	3	232	235	нет	нет	нет	нет	
Общий конкурс	1092	967018	4	ЕГЭ	76	75	81	3	232	235	нет	нет	нет	нет	
Общий конкурс	1093	1976012	5	ЕГЭ	90	78	64	2	232	234	да	нет	нет	нет	
Общий конкурс	1094	1948129	4	ЕГЭ	80	80	69	5	229	234	нет	нет	нет	нет	
Общий конкурс	1095	1206624	2	ЕГЭ	78	85	69	2	232	234	нет	нет	нет	нет	
Общий конкурс	1096	1499098	2	ЕГЭ	78	78	73	5	229	234	нет	нет	нет	нет	
Общий конкурс	1097	1044479	1	ЕГЭ	78	75	81	0	234	234	нет	нет	нет	нет	
Общий конкурс	1098	1646682	2	ЕГЭ	78	75	81	0	234	234	нет	нет	нет	нет	
Общий конкурс	1099	1719435	3	ЕГЭ	76	83	75	0	234	234	нет	нет	нет	нет	
Общий конкурс	1100	1259424	3	ЕГЭ	80	78	72	3	230	233	да	нет	нет	нет	
Общий конкурс	1101	1287355	3	ЕГЭ	86	83	64	0	233	233	нет	нет	нет	нет	
Общий конкурс	1102	1220342	3	ЕГЭ	86	72	75	0	233	233	нет	нет	нет	нет	
Общий конкурс	1103	1510602	2	ЕГЭ	78	78	75	2	231	233	нет	нет	нет	нет	
Общий конкурс	1104	1308401	5	ЕГЭ	78	75	75	5	228	233	нет	нет	нет	нет	
Общий конкурс	1105	1206050	5	ЕГЭ	76	85	72	0	233	233	нет	нет	нет	нет	
Общий конкурс	1106	1115699	4	ЕГЭ	76	72	83	2	231	233	нет	нет	нет	нет	
Общий конкурс	1107	1853299	2	ЕГЭ	74	95	61	3	230	233	нет	нет	нет	нет	
Общий конкурс	1108	1559821	2	ЕГЭ	74	83	73	3	230	233	нет	нет	нет	нет	
Общий конкурс	1109	1260857	3	ЕГЭ	74	78	78	3	230	233	нет	нет	нет	нет	
Общий конкурс	1110	1060084	2	ЕГЭ	92	80	58	2	230	232	нет	нет	нет	нет	
Общий конкурс	1111	1690728	3	ЕГЭ	92	67	70	3	229	232	нет	нет	нет	нет	
Общий конкурс	1112	1852951	4	ЕГЭ	82	75	72	3	229	232	нет	нет	нет	нет	
Общий конкурс	1113	1597043	2	ЕГЭ	80	72	70	10	222	232	нет	нет	нет	да	
Общий конкурс	1114	1728553	2	ЕГЭ	76	72	81	3	229	232	нет	нет	нет	нет	
Общий конкурс	1115	2028928	1	ЕГЭ	74	70	83	5	227	232	нет	нет	нет	нет	
Общий конкурс	1116	1077659	1	ВИ	100	64	67	0	231	231	да	нет	нет	нет	
Общий конкурс	1117	2046642	1	ЕГЭ	84	83	64	0	231	231	нет	нет	нет	нет	
Общий конкурс	1118	1004803	4	ЕГЭ	84	67	78	2	229	231	нет	нет	нет	нет	
Общий конкурс	1119	2118924	2	ЕГЭ	82	83	66	0	231	231	нет	нет	нет	нет	
Общий конкурс	1120	1692278	3	ЕГЭ	80	78	73	0	231	231	нет	нет	нет	нет	
Общий конкурс	1121	1174017	3	ЕГЭ	80	78	73	0	231	231	нет	нет	нет	нет	
Общий конкурс	1122	1250061	3	ЕГЭ	78	80	73	0	231	231	нет	нет	нет	нет	
Общий конкурс	1123	1262380	3	ЕГЭ	78	80	73	0	231	231	нет	нет	нет	нет	
Общий конкурс	1124	1379995	2	ЕГЭ	78	70	83	0	231	231	нет	нет	нет	нет	
Общий конкурс	1125	1498994	1	ЕГЭ	76	85	70	0	231	231	нет	нет	нет	нет	
Общий конкурс	1126	1184286	3	ЕГЭ	72	78	81	0	231	231	нет	нет	нет	нет	
Общий конкурс	1127	1507482	1	ЕГЭ	88	72	70	0	230	230	нет	нет	нет	нет	
Общий конкурс	1128	1916707	5	ЕГЭ	86	72	72	0	230	230	нет	нет	нет	нет	
Общий конкурс	1129	1953657	2	ЕГЭ	82	70	78	0	230	230	нет	нет	нет	нет	
Общий конкурс	1130	1585778	1	ЕГЭ	78	90	60	2	228	230	нет	нет	нет	нет	
Общий конкурс	1131	1615932	3	ЕГЭ	78	80	67	5	225	230	нет	нет	нет	нет	
Общий конкурс	1132	1962702	1	ЕГЭ	78	75	75	2	228	230	нет	нет	нет	нет	
Общий конкурс	1133	1221233	3	ЕГЭ	84	78	67	0	229	229	нет	нет	нет	нет	
Общий конкурс	1134	1516925	1	ЕГЭ	78	85	66	0	229	229	нет	нет	нет	нет	
Общий конкурс	1135	1399367	1	ЕГЭ	78	75	73	3	226	229	нет	нет	нет	да	
Общий конкурс	1136	990526	1	ЕГЭ	76	72	81	0	229	229	нет	нет	нет	нет	
Общий конкурс	1137	1727126	2	ЕГЭ	74	80	73	2	227	229	нет	нет	нет	нет	
Общий конкурс	1138	1495201	2	ЕГЭ	74	72	83	0	229	229	нет	нет	нет	да	
Общий конкурс	1139	972810	1	ЕГЭ	70	75	81	2	226	228	да	нет	нет	нет	
Общий конкурс	1140	1611599	5	ЕГЭ	82	83	63	0	228	228	нет	нет	нет	нет	
Общий конкурс	1141	1438471	5	ЕГЭ	78	75	72	3	225	228	нет	нет	нет	нет	
Общий конкурс	1142	1201873	5	ЕГЭ	78	72	78	0	228	228	нет	нет	нет	нет	
Общий конкурс	1143	1429788	4	ЕГЭ	78	67	81	2	226	228	нет	нет	нет	да	
Общий конкурс	1144	1945048	2	ЕГЭ	95	62	70	0	227	227	нет	нет	нет	нет	
Общий конкурс	1145	1206254	3	ЕГЭ	76	90	61	0	227	227	нет	нет	нет	нет	
Общий конкурс	1146	1252348	2	ЕГЭ	76	88	63	0	227	227	нет	нет	нет	нет	
Общий конкурс	1147	1258787	2	ЕГЭ	74	75	78	0	227	227	нет	нет	нет	нет	
Общий конкурс	1148	2046941	5	ЕГЭ	74	72	78	3	224	227	нет	нет	нет	нет	
Общий конкурс	1149	993332	1	ЕГЭ	74	70	83	0	227	227	нет	нет	нет	нет	
Общий конкурс	1150	1903230	2	ЕГЭ	74	67	83	3	224	227	нет	нет	нет	нет	
Общий конкурс	1151	1636755	3	ЕГЭ	74	64	89	0	227	227	нет	нет	нет	нет	
Общий конкурс	1152	1960157	5	ЕГЭ	70	67	86	4	223	227	нет	нет	нет	нет	
Общий конкурс	1153	1262777	2	ЕГЭ	82	83	61	0	226	226	нет	нет	нет	нет	
Общий конкурс	1154	1828916	5	ЕГЭ	80	80	63	3	223	226	нет	нет	нет	нет	
Общий конкурс	1155	1395697	5	ЕГЭ	78	78	70	0	226	226	нет	нет	нет	нет	
Общий конкурс	1156	1619169	2	ЕГЭ	78	78	70	0	226	226	нет	нет	нет	нет	
Общий конкурс	1157	1599639	1	ЕГЭ	74	78	72	2	224	226	нет	нет	нет	нет	
Общий конкурс	1158	1168084	3	ЕГЭ	82	80	61	2	223	225	да	нет	нет	нет	
Общий конкурс	1159	1705081	2	ЕГЭ	86	72	67	0	225	225	нет	нет	нет	нет	
Общий конкурс	1160	1624573	2	ЕГЭ	80	83	60	2	223	225	нет	нет	нет	нет	
Общий конкурс	1161	1644336	1	ЕГЭ	80	72	73	0	225	225	нет	нет	нет	нет	
Общий конкурс	1162	1116470	1	ЕГЭ	78	67	78	2	223	225	нет	нет	нет	нет	
Общий конкурс	1163	1859943	1	ЕГЭ	78	64	78	5	220	225	нет	нет	нет	нет	
Общий конкурс	1164	1341573	1	ЕГЭ	70	64	86	5	220	225	нет	нет	нет	нет	
Общий конкурс	1165	1625507	5	ЕГЭ	82	78	64	0	224	224	нет	нет	нет	нет	
Общий конкурс	1166	1478854	1	ЕГЭ	82	72	70	0	224	224	нет	нет	нет	нет	
Общий конкурс	1167	1446320	2	ЕГЭ	76	75	73	0	224	224	нет	нет	нет	нет	
Общий конкурс	1168	1347869	5	ЕГЭ	72	80	72	0	224	224	нет	нет	нет	нет	
Общий конкурс	1169	1202886	1	ЕГЭ	70	88	66	0	224	224	нет	нет	нет	нет	
Общий конкурс	1170	1220683	2	ЕГЭ	78	64	81	0	223	223	да	нет	нет	нет	
Общий конкурс	1171	1283325	3	ВИ	100	59	64	0	223	223	нет	нет	нет	да	
Общий конкурс	1172	1888517	1	ЕГЭ	84	72	67	0	223	223	нет	нет	нет	нет	
Общий конкурс	1173	1698120	5	ЕГЭ	80	70	73	0	223	223	нет	нет	нет	нет	
Общий конкурс	1174	1047378	3	ЕГЭ	78	75	70	0	223	223	нет	нет	нет	нет	
Общий конкурс	1175	1624757	3	ЕГЭ	74	75	72	2	221	223	нет	нет	нет	нет	
Общий конкурс	1176	1196564	1	ЕГЭ	72	88	63	0	223	223	нет	нет	нет	нет	
Общий конкурс	1177	1436096	3	ЕГЭ	70	78	75	0	223	223	нет	нет	нет	нет	
Общий конкурс	1178	1564250	3	ЕГЭ	72	75	75	0	222	222	да	нет	нет	нет	
Общий конкурс	1179	1195126	3	ЕГЭ	78	75	67	2	220	222	нет	нет	нет	нет	
Общий конкурс	1180	1165800	3	ЕГЭ	78	72	70	2	220	222	нет	нет	нет	да	
Общий конкурс	1181	1395932	5	ЕГЭ	76	83	63	0	222	222	нет	нет	нет	нет	
Общий конкурс	1182	1854940	3	ЕГЭ	74	80	66	2	220	222	нет	нет	нет	нет	
Общий конкурс	1183	1570577	1	ЕГЭ	82	70	69	0	221	221	нет	нет	нет	нет	
Общий конкурс	1184	1639927	3	ЕГЭ	78	83	60	0	221	221	нет	нет	нет	нет	
Общий конкурс	1185	1346086	1	ЕГЭ	76	70	73	2	219	221	нет	нет	нет	нет	
Общий конкурс	1186	1615371	2	ЕГЭ	76	75	67	2	218	220	да	нет	нет	нет	
Общий конкурс	1187	1103843	1	ВИ	100	59	61	0	220	220	нет	нет	нет	да	
Общий конкурс	1188	1859454	1	ЕГЭ	82	72	66	0	220	220	нет	нет	нет	нет	
Общий конкурс	1189	1506758	4	ЕГЭ	80	80	60	0	220	220	нет	нет	нет	нет	
Общий конкурс	1190	1494193	1	ЕГЭ	74	72	72	2	218	220	нет	нет	нет	нет	
Общий конкурс	1191	1289704	1	ЕГЭ	72	80	63	5	215	220	нет	нет	нет	нет	
Общий конкурс	1192	1070772	4	ЕГЭ	68	70	82	0	220	220	нет	нет	нет	нет	
Общий конкурс	1193	1791095	3	ЕГЭ	80	78	61	0	219	219	нет	нет	нет	нет	
Общий конкурс	1194	1566512	1	ЕГЭ	80	75	64	0	219	219	нет	нет	нет	нет	
Общий конкурс	1195	1200251	1	ЕГЭ	76	75	67	0	218	218	да	нет	нет	нет	
Общий конкурс	1196	2047134	3	ЕГЭ	84	67	67	0	218	218	нет	нет	нет	нет	
Общий конкурс	1197	1899710	3	ЕГЭ	80	67	69	2	216	218	нет	нет	нет	нет	
Общий конкурс	1198	1446217	4	ЕГЭ	86	62	69	0	217	217	нет	нет	нет	нет	
Общий конкурс	1199	1260856	1	ЕГЭ	80	67	70	0	217	217	нет	нет	нет	нет	
Общий конкурс	1200	1487250	1	ЕГЭ	78	72	67	0	217	217	нет	нет	нет	нет	
Общий конкурс	1201	1905560	3	ЕГЭ	78	72	67	0	217	217	нет	нет	нет	нет	
Общий конкурс	1202	1022409	2	ЕГЭ	78	67	67	5	212	217	нет	нет	нет	да	
Общий конкурс	1203	1648509	3	ЕГЭ	76	67	69	5	212	217	нет	нет	нет	нет	
Общий конкурс	1204	1281370	2	ЕГЭ	70	78	69	0	217	217	нет	нет	нет	нет	
Общий конкурс	1205	1792234	2	ЕГЭ	84	62	70	0	216	216	да	нет	нет	нет	
Общий конкурс	1206	1488324	2	ВИ	90	60	64	2	214	216	нет	нет	нет	да	
Общий конкурс	1207	1428648	1	ЕГЭ	76	70	70	0	216	216	нет	нет	нет	нет	
Общий конкурс	1208	1849612	4	ЕГЭ	64	80	72	0	216	216	нет	нет	нет	нет	
Общий конкурс	1209	1654703	1	ЕГЭ	78	70	67	0	215	215	нет	нет	нет	нет	
Общий конкурс	1210	1258125	1	ЕГЭ	86	67	61	0	214	214	нет	нет	нет	нет	
Общий конкурс	1211	1896794	4	ЕГЭ	80	70	64	0	214	214	нет	нет	нет	нет	
Общий конкурс	1212	1624541	5	ЕГЭ	78	64	72	0	214	214	нет	нет	нет	нет	
Общий конкурс	1213	1726681	2	ЕГЭ	74	67	73	0	214	214	нет	нет	нет	нет	
Общий конкурс	1214	1473696	1	ЕГЭ	80	70	63	0	213	213	нет	нет	нет	нет	
Общий конкурс	1215	1492570	5	ЕГЭ	80	67	66	0	213	213	нет	нет	нет	нет	
Общий конкурс	1216	1488809	4	ЕГЭ	78	62	73	0	213	213	нет	нет	нет	нет	
Общий конкурс	1217	1678446	2	ЕГЭ	74	78	61	0	213	213	нет	нет	нет	нет	
Общий конкурс	1218	1195247	1	ЕГЭ	70	75	66	2	211	213	нет	нет	нет	нет	
Общий конкурс	1219	1798221	1	ЕГЭ	70	62	81	0	213	213	нет	нет	нет	нет	
Общий конкурс	1220	1890000	1	ЕГЭ	84	62	66	0	212	212	нет	нет	нет	нет	
Общий конкурс	1221	1891556	2	ЕГЭ	82	67	63	0	212	212	нет	нет	нет	нет	
Общий конкурс	1222	1608294	1	ЕГЭ	80	62	70	0	212	212	нет	нет	нет	нет	
Общий конкурс	1223	1555961	3	ВИ	100	20	91	0	211	211	нет	нет	нет	нет	
Общий конкурс	1224	1196423	4	ЕГЭ	72	78	61	0	211	211	нет	нет	нет	нет	
Общий конкурс	1225	1819176	4	ЕГЭ	72	62	72	5	206	211	нет	нет	нет	нет	
Общий конкурс	1226	1312063	5	ВИ	70	45	96	0	211	211	нет	нет	нет	нет	
Общий конкурс	1227	1068098	2	ЕГЭ	74	70	63	3	207	210	да	нет	нет	нет	
Общий конкурс	1228	1988834	1	ЕГЭ	66	75	69	0	210	210	нет	нет	нет	нет	
Общий конкурс	1229	1190502	1	ЕГЭ	70	70	69	0	209	209	нет	нет	нет	нет	
Общий конкурс	1230	1359457	4	ЕГЭ	68	75	66	0	209	209	нет	нет	нет	нет	
Общий конкурс	1231	1653569	2	ВИ			100	8	200	208	нет	нет	нет	нет	
Общий конкурс	1232	1252976	2	ЕГЭ	74	62	72	0	208	208	нет	нет	нет	да	
Общий конкурс	1233	1416646	4	ЕГЭ	70	72	66	0	208	208	нет	нет	нет	нет	
Общий конкурс	1234	1268940	5	ЕГЭ	72	72	63	0	207	207	нет	нет	нет	нет	
Общий конкурс	1235	1967416	4	ЕГЭ	70	70	67	0	207	207	нет	нет	нет	нет	
Общий конкурс	1236	1971018	3	ЕГЭ	70	75	61	0	206	206	нет	нет	нет	нет	
Общий конкурс	1237	1573319	1	ЕГЭ	70	70	64	2	204	206	нет	нет	нет	нет	
Общий конкурс	1238	1562914	5	ЕГЭ	70	67	69	0	206	206	нет	нет	нет	нет	
Общий конкурс	1239	1287431	3	ЕГЭ	70	64	70	2	204	206	нет	нет	нет	нет	
Общий конкурс	1240	1152007	1	ЕГЭ	82	59	64	0	205	205	нет	нет	нет	нет	
Общий конкурс	1241	1443586	3	ЕГЭ	76	67	61	0	204	204	нет	нет	нет	нет	
Общий конкурс	1242	1730131	5	ЕГЭ	74	70	60	0	204	204	нет	нет	нет	нет	
Общий конкурс	1243	968754	1	ЕГЭ	76	67	60	0	203	203	нет	нет	нет	нет	
Общий конкурс	1244	1295747	2	ЕГЭ	70	67	66	0	203	203	нет	нет	нет	нет	
Общий конкурс	1245	1000921	2	ЕГЭ	74	67	61	0	202	202	нет	нет	нет	нет	
Общий конкурс	1246	1004663	2	ЕГЭ	76	62	63	0	201	201	да	нет	нет	нет	
Общий конкурс	1247	1652925	1	ЕГЭ	70	62	67	2	199	201	нет	нет	нет	нет	
Общий конкурс	1248	1652339	5	ВИ			92	8	192	200	нет	нет	нет	да	
Общий конкурс	1249	1652439	5	ВИ			100	0	200	200	нет	нет	нет	да	
Общий конкурс	1250	1859934	2	ЕГЭ	74	62	64	0	200	200	нет	нет	нет	нет	
Общий конкурс	1251	1627473	1	ЕГЭ	70	64	64	2	198	200	нет	нет	нет	нет	
Общий конкурс	1252	1169633	3	ВИ			96	3	196	199	нет	нет	нет	нет	
Общий конкурс	1253	1878410	2	ЕГЭ	72	62	64	0	198	198	нет	нет	нет	нет	
Общий конкурс	1254	993672	5	ВИ	100		96	0	196	196	нет	нет	нет	нет	
Общий конкурс	1255	1209660	1	ЕГЭ	98		94	3	192	195	да	нет	нет	нет	
Общий конкурс	1256	2120213	3	ЕГЭ	64	62	69	0	195	195	нет	нет	нет	нет	
Общий конкурс	1257	1824738	3	ВИ	100	27	64	3	191	194	нет	нет	нет	нет	
Общий конкурс	1258	1847272	4	ЕГЭ	70	64	60	0	194	194	нет	нет	нет	нет	
Общий конкурс	1259	993321	3	ЕГЭ	64	62	63	5	189	194	нет	нет	нет	нет	
Общий конкурс	1260	1655493	2	ЕГЭ	98		94	0	192	192	нет	нет	нет	нет	
Общий конкурс	1261	1053182	5	ЕГЭ	64	67	60	0	191	191	нет	нет	нет	нет	
Общий конкурс	1262	1302202	5	ЕГЭ	64	62	61	2	187	189	нет	нет	нет	нет	
Общий конкурс	1263	1245734	2	ВИ	100		86	0	186	186	нет	нет	нет	нет	
Общий конкурс	1264	1563133	2	ВИ			80	3	180	183	нет	нет	нет	нет	
Общий конкурс	1265	1395783	3	ЕГЭ	70	46	66	0	182	182	нет	нет	нет	нет	
Общий конкурс	1266	1724752	2	ВИ	72	67	42	0	181	181	нет	нет	нет	нет	
Общий конкурс	1267	1354467	4	ЕГЭ	94		83	3	177	180	нет	нет	нет	нет	
Общий конкурс	1268	1913227	2	ВИ	90		88	0	178	178	нет	нет	нет	нет	
Общий конкурс	1269	1425148	3	ВИ			88	0	178	178	нет	нет	нет	нет	
Общий конкурс	1270	1818356	3	ЕГЭ	84		94	0	178	178	нет	нет	нет	нет	
Общий конкурс	1271	1848372	5	ВИ			76	0	176	176	нет	нет	нет	да	
Общий конкурс	1272	959424	2	ВИ	80		96	0	176	176	нет	нет	нет	нет	
Общий конкурс	1273	1913201	3	ЕГЭ	84		91	0	175	175	нет	нет	нет	нет	
Общий конкурс	1274	1726101	2	ВИ	90		84	0	174	174	нет	нет	нет	нет	
Общий конкурс	1275	1593019	1	ВИ	100		72	0	172	172	нет	нет	нет	нет	
Общий конкурс	1276	1793169	2	ВИ	100		70	0	170	170	нет	нет	нет	да	
Общий конкурс	1277	1099384	4	ВИ	100		70	0	170	170	нет	нет	нет	нет	
Общий конкурс	1278	1209661	2	ВИ	86		81	2	167	169	да	нет	нет	нет	
Общий конкурс	1279	1959295	5	ЕГЭ	100		66	0	166	166	нет	нет	нет	нет	
Общий конкурс	1280	1755302	4	ВИ			68	3	158	161	нет	нет	нет	нет	
Общий конкурс	1281	1130650	4	ЕГЭ	88		70	0	158	158	нет	нет	нет	нет	
Общий конкурс	1282	1332975	4	ЕГЭ	80		73	0	153	153	нет	нет	нет	нет	
Общий конкурс	1283	1947499	1	ВИ	80		72	0	152	152	нет	нет	нет	нет	
Общий конкурс	1284	1251679	4	ВИ	76		72	0	148	148	нет	нет	нет	нет	
Общий конкурс	1285	1406435	1	ВИ	90		56	0	146	146	нет	нет	нет	нет	
Общий конкурс	1286	1253090	2	ЕГЭ	84		61	0	145	145	нет	нет	нет	нет	
Общий конкурс	1287	1792266	5	ВИ	72	67		2	139	141	да	нет	нет	нет	
Общий конкурс	1288	1199148	4	ВИ	70		69	0	139	139	нет	нет	нет	нет	
Общий конкурс	1289	994913	1	ВИ	30	30	76	0	136	136	нет	нет	нет	нет	
Общий конкурс	1290	1069465	5	ВИ	60		72	0	132	132	да	нет	нет	нет	
Общий конкурс	1291	1429267	4	ВИ	70		61	0	131	131	нет	нет	нет	нет	
Общий конкурс	1292	1626845	4	ВИ			60	0	130	130	нет	нет	нет	нет	
Общий конкурс	1293	1431504	4	ВИ	58	7	64	0	129	129	нет	нет	нет	нет	
Общий конкурс	1294	1465540	1	ВИ	40	25	61	0	126	126	нет	нет	нет	нет	
Общий конкурс	1295	941603	1	ВИ	40		84	0	124	124	нет	нет	нет	нет	
Общий конкурс	1296	1966252	3	ЕГЭ	58		51	0	109	109	нет	нет	нет	нет	
Общий конкурс	1297	1085939	1	ВИ			56	3	106	109	нет	нет	нет	нет	
Общий конкурс	1298	1042300	4	ВИ			32	0	107	107	нет	нет	нет	нет	
Общий конкурс	1299	1050355	5	ВИ			84	3	94	97	нет	нет	нет	нет	
Общий конкурс	1300	1153547	2	ВИ	40		52	0	92	92	нет	нет	нет	нет	
Общий конкурс	1301	1656108	2	ВИ			48	3	88	91	нет	нет	нет	нет	
Общий конкурс	1302	963445	1	ВИ	30		60	0	90	90	нет	нет	нет	нет	
Общий конкурс	1303	1067773	4	ВИ			88	0	88	88	нет	нет	нет	нет	
Общий конкурс	1304	1911074	5	ВИ			81	0	81	81	нет	нет	нет	нет	
Общий конкурс	1305	1951228	3	ВИ	76			0	76	76	нет	нет	нет	нет	
Общий конкурс	1306	1913956	4	ВИ			72	3	72	75	нет	нет	нет	нет	
Общий конкурс	1307	1932874	3	ВИ	30		44	0	74	74	нет	нет	нет	нет	
Общий конкурс	1308	1862429	4	ЕГЭ	40	7	24	0	71	71	нет	нет	нет	да	
Общий конкурс	1309	1176099	3	ВИ			69	0	69	69	нет	нет	нет	нет	
Общий конкурс	1310	1540450	4	ВИ			60	0	60	60	нет	нет	нет	нет	
Общий конкурс	1312	1652354	2	ВИ			52	3	52	55	нет	нет	нет	нет	
Общий конкурс	1313	1191176	3	ВИ				0	50	50	нет	нет	нет	нет	
Общий конкурс	1314	1628609	4	ВИ			40	0	50	50	нет	нет	нет	нет	
Общий конкурс	1315	938277	5	ВИ	10	5	32	0	47	47	нет	нет	нет	нет	
Общий конкурс	1316	1034048	1	ВИ				3	0	3	нет	нет	нет	нет	
Общий конкурс	1317	1908388	3	ВИ				3	0	3	нет	нет	нет	нет	
Общий конкурс	1318	1913090	1	ВИ				3	0	3	нет	нет	нет	нет	
Общий конкурс	1319	1579414	4	ВИ				3	0	3	нет	нет	нет	нет	
Общий конкурс	1320	1372791	4	ВИ				2	0	2	да	нет	нет	нет	
Общий конкурс	1321	939172	2	ЕГЭ				0	0	0	да	нет	нет	нет	
Общий конкурс	1322	1543476	2	ВИ				0	0	0	нет	нет	нет	нет	
Общий конкурс	1323	1868563	5	ВИ				0	0	0	нет	нет	нет	нет	
Общий конкурс	1324	1397397	2	ЕГЭ				0	0	0	нет	нет	нет	нет	
Общий конкурс	1325	1006018	2	ВИ				0	0	0	нет	нет	нет	нет	
Общий конкурс	1326	1009994	4	ВИ				0	0	0	нет	нет	нет	нет	
Общий конкурс	1327	1938740	4	ВИ				0	0	0	нет	нет	нет	нет	
Общий конкурс	1328	1363354	3	ВИ				0	0	0	нет	нет	нет	нет	
Общий конкурс	1329	1426440	4	ВИ				0	0	0	нет	нет	нет	нет	
Общий конкурс	1330	1027813	3	ВИ				0	0	0	нет	нет	нет	нет	
Общий конкурс	1331	1286738	3	ВИ				0	0	0	нет	нет	нет	нет	