Образовательная программа	Количество мест	Дата обновления	№ п/п	Уникальный идентификатор абитуриента	Право поступления без вступительных испытаний	Основание БВИ	Приоритет зачисления	Наличие согласия на зачисление	ВИ 1	ВИ 2	ВИ 3	Сумма баллов за вступительные испытания	Сумма баллов по индивидуальным достижениям	Сумма конкурсных баллов	Все оценки положительные	Статус заявления	Преимущественное право п.9	Преимущественное право п.10	Требуется общежитие на время обучения	Возврат документов
Компьютерные технологии, системы и сети	15	16.07.2026 19:00	1	1633348	Да	Диплом олимпиады	1	-	96	98	81	275	8	283	Да	Участвует в конкурсе	-	-	Да	-
Компьютерные технологии, системы и сети	15	16.07.2026 19:00	2	2043367	Да	Диплом олимпиады	4	Да	90	90	91	271	9	280	Да	Участвует в конкурсе	-	-	Да	-
Компьютерные технологии, системы и сети	15	16.07.2026 19:00	3	1618150	-		4	-	100	100	94	294	10	304	Да	Участвует в конкурсе	-	-	-	-
Компьютерные технологии, системы и сети	15	16.07.2026 19:00	4	1823789	-		3	-	97	100	97	294	10	304	Да	Участвует в конкурсе	-	-	Да	-
Компьютерные технологии, системы и сети	15	16.07.2026 19:00	5	1484288	-		3	-	100	98	100	298	5	303	Да	Участвует в конкурсе	-	-	Да	-
Компьютерные технологии, системы и сети	15	16.07.2026 19:00	6	1533512	-		8	-	100	100	94	294	9	303	Да	Участвует в конкурсе	-	-	-	-
Компьютерные технологии, системы и сети	15	16.07.2026 19:00	7	1210337	-		5	-	100	100	97	297	5	300	Да	Отозвано поступающим	-	-	Да	Да
Компьютерные технологии, системы и сети	15	16.07.2026 19:00	8	1129308	-		4	-	100	100	97	297	5	302	Да	Участвует в конкурсе	-	-	Да	-
Компьютерные технологии, системы и сети	15	16.07.2026 19:00	9	2005384	-		7	-	97	95	100	292	10	302	Да	Участвует в конкурсе	-	-	Да	-
Компьютерные технологии, системы и сети	15	16.07.2026 19:00	10	1502047	-		3	Да	98	100	100	298	3	301	Да	Участвует в конкурсе	-	-	Да	-
Компьютерные технологии, системы и сети	15	16.07.2026 19:00	11	1628551	-		5	-	99	100	97	296	5	301	Да	Участвует в конкурсе	-	-	-	-
Компьютерные технологии, системы и сети	15	16.07.2026 19:00	12	1455709	-		12	-	100	98	97	295	5	300	Да	Участвует в конкурсе	-	-	Да	-
Компьютерные технологии, системы и сети	15	16.07.2026 19:00	13	1413259	-		3	-	98	100	97	295	5	300	Да	Участвует в конкурсе	-	-	-	-
Компьютерные технологии, системы и сети	15	16.07.2026 19:00	14	1723173	-		4	-	100	93	100	293	7	300	Да	Участвует в конкурсе	-	-	-	-
Компьютерные технологии, системы и сети	15	16.07.2026 19:00	15	2060011	-		2	-	100	93	97	290	10	300	Да	На рассмотрении	-	-	Да	-
Компьютерные технологии, системы и сети	15	16.07.2026 19:00	16	1776866	-		1	-	99	100	97	296	3	299	Да	Участвует в конкурсе	-	-	Да	-
Компьютерные технологии, системы и сети	15	16.07.2026 19:00	17	1586111	-		3	-	99	98	97	294	5	299	Да	Участвует в конкурсе	-	-	-	-
Компьютерные технологии, системы и сети	15	16.07.2026 19:00	18	1188080	-		5	-	97	98	97	292	7	299	Да	Участвует в конкурсе	-	-	Да	-
Компьютерные технологии, системы и сети	15	16.07.2026 19:00	19	1702887	-		2	-	100	100	89	289	10	299	Да	Участвует в конкурсе	-	-	Да	-
Компьютерные технологии, системы и сети	15	16.07.2026 19:00	20	1673245	-		7	-	100	98	91	289	10	299	Да	Участвует в конкурсе	-	-	Да	-
Компьютерные технологии, системы и сети	15	16.07.2026 19:00	21	1911722	-		12	-	100	98	91	289	10	299	Да	Участвует в конкурсе	-	-	Да	-
Компьютерные технологии, системы и сети	15	16.07.2026 19:00	22	1521418	-		11	-	92	100	97	289	10	299	Да	Участвует в конкурсе	-	-	Да	-
Компьютерные технологии, системы и сети	15	16.07.2026 19:00	23	1515716	-		3	-	98	100	100	298	0	298	Да	Участвует в конкурсе	-	-	-	-
Компьютерные технологии, системы и сети	15	16.07.2026 19:00	24	1482996	-		3	-	94	100	94	288	10	298	Да	Участвует в конкурсе	-	-	Да	-
Компьютерные технологии, системы и сети	15	16.07.2026 19:00	25	1999227	-		3	-	100	100	94	294	3	297	Да	Участвует в конкурсе	-	-	Да	-
Компьютерные технологии, системы и сети	15	16.07.2026 19:00	26	1897125	-		2	-	99	100	91	290	7	297	Да	Участвует в конкурсе	-	-	-	-
Компьютерные технологии, системы и сети	15	16.07.2026 19:00	27	1207871	-		4	-	100	93	94	287	10	297	Да	Отозвано поступающим	-	-	Да	Да
Компьютерные технологии, системы и сети	15	16.07.2026 19:00	28	1074287	-		4	-	99	100	94	293	3	296	Да	Участвует в конкурсе	-	-	Да	-
Компьютерные технологии, системы и сети	15	16.07.2026 19:00	29	1986573	-		3	-	98	98	97	293	3	296	Да	Участвует в конкурсе	-	-	Да	-
Компьютерные технологии, системы и сети	15	16.07.2026 19:00	30	1580750	-		3	-	96	98	97	291	5	296	Да	Участвует в конкурсе	-	-	-	-
Компьютерные технологии, системы и сети	15	16.07.2026 19:00	31	1272720	-		3	-	94	100	97	291	5	296	Да	Участвует в конкурсе	-	-	Да	-
Компьютерные технологии, системы и сети	15	16.07.2026 19:00	32	1612531	-		6	-	100	95	91	286	10	296	Да	Участвует в конкурсе	-	-	-	-
Компьютерные технологии, системы и сети	15	16.07.2026 19:00	33	1610065	-		2	-	100	98	94	292	3	295	Да	Участвует в конкурсе	-	-	-	-
Компьютерные технологии, системы и сети	15	16.07.2026 19:00	34	1993093	-		3	-	100	98	94	292	3	295	Да	Участвует в конкурсе	-	-	Да	-
Компьютерные технологии, системы и сети	15	16.07.2026 19:00	35	1427002	-		4	-	100	93	97	290	5	295	Да	Участвует в конкурсе	-	-	Да	-
Компьютерные технологии, системы и сети	15	16.07.2026 19:00	36	1455825	-		6	-	100	90	100	290	5	295	Да	Участвует в конкурсе	-	-	Да	-
Компьютерные технологии, системы и сети	15	16.07.2026 19:00	37	1204553	-		4	-	100	90	100	290	5	295	Да	Участвует в конкурсе	-	-	-	-
Компьютерные технологии, системы и сети	15	16.07.2026 19:00	38	1642840	-		6	-	94	100	94	288	7	295	Да	Участвует в конкурсе	-	-	-	-
Компьютерные технологии, системы и сети	15	16.07.2026 19:00	39	1727373	-		3	-	100	88	97	285	10	295	Да	Участвует в конкурсе	-	-	Да	-
Компьютерные технологии, системы и сети	15	16.07.2026 19:00	40	1801537	-		3	-	92	93	100	285	10	295	Да	Участвует в конкурсе	-	-	Да	-
Компьютерные технологии, системы и сети	15	16.07.2026 19:00	41	1173115	-		3	-	100	95	97	292	2	294	Да	Участвует в конкурсе	-	-	-	-
Компьютерные технологии, системы и сети	15	16.07.2026 19:00	42	1343899	-		9	-	100	100	91	291	3	294	Да	Участвует в конкурсе	-	-	-	-
Компьютерные технологии, системы и сети	15	16.07.2026 19:00	43	1582873	-		3	-	98	93	100	291	3	294	Да	Участвует в конкурсе	-	-	-	-
Компьютерные технологии, системы и сети	15	16.07.2026 19:00	44	1829378	-		3	-	97	100	94	291	3	294	Да	Участвует в конкурсе	-	-	Да	-
Компьютерные технологии, системы и сети	15	16.07.2026 19:00	45	1401780	-		12	-	96	98	97	291	3	294	Да	Участвует в конкурсе	Да	-	Да	-
Компьютерные технологии, системы и сети	15	16.07.2026 19:00	46	1511270	-		8	-	96	98	97	291	3	294	Да	Участвует в конкурсе	-	-	Да	-
Компьютерные технологии, системы и сети	15	16.07.2026 19:00	47	1566101	-		1	-	96	95	100	291	3	294	Да	Участвует в конкурсе	-	-	-	-
Компьютерные технологии, системы и сети	15	16.07.2026 19:00	48	1422367	-		3	-	97	95	97	289	5	294	Да	Участвует в конкурсе	-	-	-	-
Компьютерные технологии, системы и сети	15	16.07.2026 19:00	49	1856287	-		4	-	96	93	100	289	5	294	Да	Участвует в конкурсе	-	-	-	-
Компьютерные технологии, системы и сети	15	16.07.2026 19:00	50	1732497	-		10	-	100	90	94	284	10	294	Да	Участвует в конкурсе	-	-	Да	-
Компьютерные технологии, системы и сети	15	16.07.2026 19:00	51	1633348	Да	Диплом олимпиады	1	-	96	98	81	275	8	283	Да	Участвует в конкурсе	-	-	Да	-
Компьютерные технологии, системы и сети	15	16.07.2026 19:00	52	2043367	Да	Диплом олимпиады	4	Да	90	90	91	271	9	280	Да	Участвует в конкурсе	-	-	Да	-
Компьютерные технологии, системы и сети	15	16.07.2026 19:00	53	1618150	-		4	-	100	100	94	294	10	304	Да	Участвует в конкурсе	-	-	-	-
Компьютерные технологии, системы и сети	15	16.07.2026 19:00	54	1823789	-		3	-	97	100	97	294	10	304	Да	Участвует в конкурсе	-	-	Да	-
Компьютерные технологии, системы и сети	15	16.07.2026 19:00	55	1484288	-		3	-	100	98	100	298	5	303	Да	Участвует в конкурсе	-	-	Да	-
Компьютерные технологии, системы и сети	15	16.07.2026 19:00	56	1533512	-		8	-	100	100	94	294	9	303	Да	Участвует в конкурсе	-	-	-	-
Компьютерные технологии, системы и сети	15	16.07.2026 19:00	57	1210337	-		5	-	100	100	97	297	5	300	Да	Отозвано поступающим	-	-	Да	Да
Компьютерные технологии, системы и сети	15	16.07.2026 19:00	58	1129308	-		4	-	100	100	97	297	5	302	Да	Участвует в конкурсе	-	-	Да	-
Компьютерные технологии, системы и сети	15	16.07.2026 19:00	59	2005384	-		7	-	97	95	100	292	10	302	Да	Участвует в конкурсе	-	-	Да	-
Компьютерные технологии, системы и сети	15	16.07.2026 19:00	60	1502047	-		3	Да	98	100	100	298	3	301	Да	Участвует в конкурсе	-	-	Да	-
Компьютерные технологии, системы и сети	15	16.07.2026 19:00	61	1628551	-		5	-	99	100	97	296	5	301	Да	Участвует в конкурсе	-	-	-	-
Компьютерные технологии, системы и сети	15	16.07.2026 19:00	62	1455709	-		12	-	100	98	97	295	5	300	Да	Участвует в конкурсе	-	-	Да	-
Компьютерные технологии, системы и сети	15	16.07.2026 19:00	63	1413259	-		3	-	98	100	97	295	5	300	Да	Участвует в конкурсе	-	-	-	-
Компьютерные технологии, системы и сети	15	16.07.2026 19:00	64	1723173	-		4	-	100	93	100	293	7	300	Да	Участвует в конкурсе	-	-	-	-
Компьютерные технологии, системы и сети	15	16.07.2026 19:00	65	2060011	-		2	-	100	93	97	290	10	300	Да	На рассмотрении	-	-	Да	-
Компьютерные технологии, системы и сети	15	16.07.2026 19:00	66	1776866	-		1	-	99	100	97	296	3	299	Да	Участвует в конкурсе	-	-	Да	-
Компьютерные технологии, системы и сети	15	16.07.2026 19:00	67	1586111	-		3	-	99	98	97	294	5	299	Да	Участвует в конкурсе	-	-	-	-
Компьютерные технологии, системы и сети	15	16.07.2026 19:00	68	1188080	-		5	-	97	98	97	292	7	299	Да	Участвует в конкурсе	-	-	Да	-
Компьютерные технологии, системы и сети	15	16.07.2026 19:00	69	1702887	-		2	-	100	100	89	289	10	299	Да	Участвует в конкурсе	-	-	Да	-
Компьютерные технологии, системы и сети	15	16.07.2026 19:00	70	1673245	-		7	-	100	98	91	289	10	299	Да	Участвует в конкурсе	-	-	Да	-
Компьютерные технологии, системы и сети	15	16.07.2026 19:00	71	1911722	-		12	-	100	98	91	289	10	299	Да	Участвует в конкурсе	-	-	Да	-
Компьютерные технологии, системы и сети	15	16.07.2026 19:00	72	1521418	-		11	-	92	100	97	289	10	299	Да	Участвует в конкурсе	-	-	Да	-
Компьютерные технологии, системы и сети	15	16.07.2026 19:00	73	1515716	-		3	-	98	100	100	298	0	298	Да	Участвует в конкурсе	-	-	-	-
Компьютерные технологии, системы и сети	15	16.07.2026 19:00	74	1482996	-		3	-	94	100	94	288	10	298	Да	Участвует в конкурсе	-	-	Да	-
Компьютерные технологии, системы и сети	15	16.07.2026 19:00	75	1999227	-		3	-	100	100	94	294	3	297	Да	Участвует в конкурсе	-	-	Да	-
Компьютерные технологии, системы и сети	15	16.07.2026 19:00	76	1897125	-		2	-	99	100	91	290	7	297	Да	Участвует в конкурсе	-	-	-	-
Компьютерные технологии, системы и сети	15	16.07.2026 19:00	77	1207871	-		4	-	100	93	94	287	10	297	Да	Отозвано поступающим	-	-	Да	Да
Компьютерные технологии, системы и сети	15	16.07.2026 19:00	78	1074287	-		4	-	99	100	94	293	3	296	Да	Участвует в конкурсе	-	-	Да	-
Компьютерные технологии, системы и сети	15	16.07.2026 19:00	79	1986573	-		3	-	98	98	97	293	3	296	Да	Участвует в конкурсе	-	-	Да	-
Компьютерные технологии, системы и сети	15	16.07.2026 19:00	80	1580750	-		3	-	96	98	97	291	5	296	Да	Участвует в конкурсе	-	-	-	-
Компьютерные технологии, системы и сети	15	16.07.2026 19:00	81	1272720	-		3	-	94	100	97	291	5	296	Да	Участвует в конкурсе	-	-	Да	-
Компьютерные технологии, системы и сети	15	16.07.2026 19:00	82	1612531	-		6	-	100	95	91	286	10	296	Да	Участвует в конкурсе	-	-	-	-
Компьютерные технологии, системы и сети	15	16.07.2026 19:00	83	1610065	-		2	-	100	98	94	292	3	295	Да	Участвует в конкурсе	-	-	-	-
Компьютерные технологии, системы и сети	15	16.07.2026 19:00	84	1993093	-		3	-	100	98	94	292	3	295	Да	Участвует в конкурсе	-	-	Да	-
Компьютерные технологии, системы и сети	15	16.07.2026 19:00	85	1427002	-		4	-	100	93	97	290	5	295	Да	Участвует в конкурсе	-	-	Да	-
Компьютерные технологии, системы и сети	15	16.07.2026 19:00	86	1455825	-		6	-	100	90	100	290	5	295	Да	Участвует в конкурсе	-	-	Да	-
Компьютерные технологии, системы и сети	15	16.07.2026 19:00	87	1204553	-		4	-	100	90	100	290	5	295	Да	Участвует в конкурсе	-	-	-	-
Компьютерные технологии, системы и сети	15	16.07.2026 19:00	88	1642840	-		6	-	94	100	94	288	7	295	Да	Участвует в конкурсе	-	-	-	-
Компьютерные технологии, системы и сети	15	16.07.2026 19:00	89	1727373	-		3	-	100	88	97	285	10	295	Да	Участвует в конкурсе	-	-	Да	-
Компьютерные технологии, системы и сети	15	16.07.2026 19:00	90	1801537	-		3	-	92	93	100	285	10	295	Да	Участвует в конкурсе	-	-	Да	-
Компьютерные технологии, системы и сети	15	16.07.2026 19:00	91	1173115	-		3	-	100	95	97	292	2	294	Да	Участвует в конкурсе	-	-	-	-
Компьютерные технологии, системы и сети	15	16.07.2026 19:00	92	1343899	-		9	-	100	100	91	291	3	294	Да	Участвует в конкурсе	-	-	-	-
Компьютерные технологии, системы и сети	15	16.07.2026 19:00	93	1582873	-		3	-	98	93	100	291	3	294	Да	Участвует в конкурсе	-	-	-	-
Компьютерные технологии, системы и сети	15	16.07.2026 19:00	94	1829378	-		3	-	97	100	94	291	3	294	Да	Участвует в конкурсе	-	-	Да	-
Компьютерные технологии, системы и сети	15	16.07.2026 19:00	95	1401780	-		12	-	96	98	97	291	3	294	Да	Участвует в конкурсе	Да	-	Да	-
Компьютерные технологии, системы и сети	15	16.07.2026 19:00	96	1511270	-		8	-	96	98	97	291	3	294	Да	Участвует в конкурсе	-	-	Да	-
Компьютерные технологии, системы и сети	15	16.07.2026 19:00	97	1566101	-		1	-	96	95	100	291	3	294	Да	Участвует в конкурсе	-	-	-	-
Компьютерные технологии, системы и сети	15	16.07.2026 19:00	98	1422367	-		3	-	97	95	97	289	5	294	Да	Участвует в конкурсе	-	-	-	-
Компьютерные технологии, системы и сети	15	16.07.2026 19:00	99	1856287	-		4	-	96	93	100	289	5	294	Да	Участвует в конкурсе	-	-	-	-
Компьютерные технологии, системы и сети	15	16.07.2026 19:00	100	1732497	-		10	-	100	90	94	284	10	294	Да	Участвует в конкурсе	-	-	Да	-
Компьютерные технологии, системы и сети	15	16.07.2026 19:00	101	1633348	Да	Диплом олимпиады	1	-	96	98	81	275	8	283	Да	Участвует в конкурсе	-	-	Да	-
Компьютерные технологии, системы и сети	15	16.07.2026 19:00	102	2043367	Да	Диплом олимпиады	4	Да	90	90	91	271	9	280	Да	Участвует в конкурсе	-	-	Да	-
Компьютерные технологии, системы и сети	15	16.07.2026 19:00	103	1618150	-		4	-	100	100	94	294	10	304	Да	Участвует в конкурсе	-	-	-	-
Компьютерные технологии, системы и сети	15	16.07.2026 19:00	104	1823789	-		3	-	97	100	97	294	10	304	Да	Участвует в конкурсе	-	-	Да	-
Компьютерные технологии, системы и сети	15	16.07.2026 19:00	105	1484288	-		3	-	100	98	100	298	5	303	Да	Участвует в конкурсе	-	-	Да	-
Компьютерные технологии, системы и сети	15	16.07.2026 19:00	106	1533512	-		8	-	100	100	94	294	9	303	Да	Участвует в конкурсе	-	-	-	-
Компьютерные технологии, системы и сети	15	16.07.2026 19:00	107	1210337	-		5	-	100	100	97	297	5	300	Да	Отозвано поступающим	-	-	Да	Да
Компьютерные технологии, системы и сети	15	16.07.2026 19:00	108	1129308	-		4	-	100	100	97	297	5	302	Да	Участвует в конкурсе	-	-	Да	-
Компьютерные технологии, системы и сети	15	16.07.2026 19:00	109	2005384	-		7	-	97	95	100	292	10	302	Да	Участвует в конкурсе	-	-	Да	-
Компьютерные технологии, системы и сети	15	16.07.2026 19:00	110	1502047	-		3	Да	98	100	100	298	3	301	Да	Участвует в конкурсе	-	-	Да	-
Компьютерные технологии, системы и сети	15	16.07.2026 19:00	111	1628551	-		5	-	99	100	97	296	5	301	Да	Участвует в конкурсе	-	-	-	-
Компьютерные технологии, системы и сети	15	16.07.2026 19:00	112	1455709	-		12	-	100	98	97	295	5	300	Да	Участвует в конкурсе	-	-	Да	-
Компьютерные технологии, системы и сети	15	16.07.2026 19:00	113	1413259	-		3	-	98	100	97	295	5	300	Да	Участвует в конкурсе	-	-	-	-
Компьютерные технологии, системы и сети	15	16.07.2026 19:00	114	1723173	-		4	-	100	93	100	293	7	300	Да	Участвует в конкурсе	-	-	-	-
Компьютерные технологии, системы и сети	15	16.07.2026 19:00	115	2060011	-		2	-	100	93	97	290	10	300	Да	На рассмотрении	-	-	Да	-
Компьютерные технологии, системы и сети	15	16.07.2026 19:00	116	1776866	-		1	-	99	100	97	296	3	299	Да	Участвует в конкурсе	-	-	Да	-
Компьютерные технологии, системы и сети	15	16.07.2026 19:00	117	1586111	-		3	-	99	98	97	294	5	299	Да	Участвует в конкурсе	-	-	-	-
Компьютерные технологии, системы и сети	15	16.07.2026 19:00	118	1188080	-		5	-	97	98	97	292	7	299	Да	Участвует в конкурсе	-	-	Да	-
Компьютерные технологии, системы и сети	15	16.07.2026 19:00	119	1702887	-		2	-	100	100	89	289	10	299	Да	Участвует в конкурсе	-	-	Да	-
Компьютерные технологии, системы и сети	15	16.07.2026 19:00	120	1673245	-		7	-	100	98	91	289	10	299	Да	Участвует в конкурсе	-	-	Да	-
Компьютерные технологии, системы и сети	15	16.07.2026 19:00	121	1911722	-		12	-	100	98	91	289	10	299	Да	Участвует в конкурсе	-	-	Да	-
Компьютерные технологии, системы и сети	15	16.07.2026 19:00	122	1521418	-		11	-	92	100	97	289	10	299	Да	Участвует в конкурсе	-	-	Да	-
Компьютерные технологии, системы и сети	15	16.07.2026 19:00	123	1515716	-		3	-	98	100	100	298	0	298	Да	Участвует в конкурсе	-	-	-	-
Компьютерные технологии, системы и сети	15	16.07.2026 19:00	124	1482996	-		3	-	94	100	94	288	10	298	Да	Участвует в конкурсе	-	-	Да	-
Компьютерные технологии, системы и сети	15	16.07.2026 19:00	125	1999227	-		3	-	100	100	94	294	3	297	Да	Участвует в конкурсе	-	-	Да	-
Компьютерные технологии, системы и сети	15	16.07.2026 19:00	126	1897125	-		2	-	99	100	91	290	7	297	Да	Участвует в конкурсе	-	-	-	-
Компьютерные технологии, системы и сети	15	16.07.2026 19:00	127	1207871	-		4	-	100	93	94	287	10	297	Да	Отозвано поступающим	-	-	Да	Да
Компьютерные технологии, системы и сети	15	16.07.2026 19:00	128	1074287	-		4	-	99	100	94	293	3	296	Да	Участвует в конкурсе	-	-	Да	-
Компьютерные технологии, системы и сети	15	16.07.2026 19:00	129	1986573	-		3	-	98	98	97	293	3	296	Да	Участвует в конкурсе	-	-	Да	-
Компьютерные технологии, системы и сети	15	16.07.2026 19:00	130	1580750	-		3	-	96	98	97	291	5	296	Да	Участвует в конкурсе	-	-	-	-
Компьютерные технологии, системы и сети	15	16.07.2026 19:00	131	1272720	-		3	-	94	100	97	291	5	296	Да	Участвует в конкурсе	-	-	Да	-
Компьютерные технологии, системы и сети	15	16.07.2026 19:00	132	1612531	-		6	-	100	95	91	286	10	296	Да	Участвует в конкурсе	-	-	-	-
Компьютерные технологии, системы и сети	15	16.07.2026 19:00	133	1610065	-		2	-	100	98	94	292	3	295	Да	Участвует в конкурсе	-	-	-	-
Компьютерные технологии, системы и сети	15	16.07.2026 19:00	134	1993093	-		3	-	100	98	94	292	3	295	Да	Участвует в конкурсе	-	-	Да	-
Компьютерные технологии, системы и сети	15	16.07.2026 19:00	135	1427002	-		4	-	100	93	97	290	5	295	Да	Участвует в конкурсе	-	-	Да	-
Компьютерные технологии, системы и сети	15	16.07.2026 19:00	136	1455825	-		6	-	100	90	100	290	5	295	Да	Участвует в конкурсе	-	-	Да	-
Компьютерные технологии, системы и сети	15	16.07.2026 19:00	137	1204553	-		4	-	100	90	100	290	5	295	Да	Участвует в конкурсе	-	-	-	-
Компьютерные технологии, системы и сети	15	16.07.2026 19:00	138	1642840	-		6	-	94	100	94	288	7	295	Да	Участвует в конкурсе	-	-	-	-
Компьютерные технологии, системы и сети	15	16.07.2026 19:00	139	1727373	-		3	-	100	88	97	285	10	295	Да	Участвует в конкурсе	-	-	Да	-
Компьютерные технологии, системы и сети	15	16.07.2026 19:00	140	1801537	-		3	-	92	93	100	285	10	295	Да	Участвует в конкурсе	-	-	Да	-
Компьютерные технологии, системы и сети	15	16.07.2026 19:00	141	1173115	-		3	-	100	95	97	292	2	294	Да	Участвует в конкурсе	-	-	-	-
Компьютерные технологии, системы и сети	15	16.07.2026 19:00	142	1343899	-		9	-	100	100	91	291	3	294	Да	Участвует в конкурсе	-	-	-	-
Компьютерные технологии, системы и сети	15	16.07.2026 19:00	143	1582873	-		3	-	98	93	100	291	3	294	Да	Участвует в конкурсе	-	-	-	-
Компьютерные технологии, системы и сети	15	16.07.2026 19:00	144	1829378	-		3	-	97	100	94	291	3	294	Да	Участвует в конкурсе	-	-	Да	-
Компьютерные технологии, системы и сети	15	16.07.2026 19:00	145	1401780	-		12	-	96	98	97	291	3	294	Да	Участвует в конкурсе	Да	-	Да	-
Компьютерные технологии, системы и сети	15	16.07.2026 19:00	146	1511270	-		8	-	96	98	97	291	3	294	Да	Участвует в конкурсе	-	-	Да	-
Компьютерные технологии, системы и сети	15	16.07.2026 19:00	147	1566101	-		1	-	96	95	100	291	3	294	Да	Участвует в конкурсе	-	-	-	-
Компьютерные технологии, системы и сети	15	16.07.2026 19:00	148	1422367	-		3	-	97	95	97	289	5	294	Да	Участвует в конкурсе	-	-	-	-
Компьютерные технологии, системы и сети	15	16.07.2026 19:00	149	1856287	-		4	-	96	93	100	289	5	294	Да	Участвует в конкурсе	-	-	-	-
Компьютерные технологии, системы и сети	15	16.07.2026 19:00	150	1732497	-		10	-	100	90	94	284	10	294	Да	Участвует в конкурсе	-	-	Да	-
Компьютерные технологии, системы и сети	15	16.07.2026 19:00	151	1633348	Да	Диплом олимпиады	1	-	96	98	81	275	8	283	Да	Участвует в конкурсе	-	-	Да	-
Компьютерные технологии, системы и сети	15	16.07.2026 19:00	152	2043367	Да	Диплом олимпиады	4	Да	90	90	91	271	9	280	Да	Участвует в конкурсе	-	-	Да	-
Компьютерные технологии, системы и сети	15	16.07.2026 19:00	153	1618150	-		4	-	100	100	94	294	10	304	Да	Участвует в конкурсе	-	-	-	-
Компьютерные технологии, системы и сети	15	16.07.2026 19:00	154	1823789	-		3	-	97	100	97	294	10	304	Да	Участвует в конкурсе	-	-	Да	-
Компьютерные технологии, системы и сети	15	16.07.2026 19:00	155	1484288	-		3	-	100	98	100	298	5	303	Да	Участвует в конкурсе	-	-	Да	-
Компьютерные технологии, системы и сети	15	16.07.2026 19:00	156	1533512	-		8	-	100	100	94	294	9	303	Да	Участвует в конкурсе	-	-	-	-
Компьютерные технологии, системы и сети	15	16.07.2026 19:00	157	1210337	-		5	-	100	100	97	297	5	300	Да	Отозвано поступающим	-	-	Да	Да
Компьютерные технологии, системы и сети	15	16.07.2026 19:00	158	1129308	-		4	-	100	100	97	297	5	302	Да	Участвует в конкурсе	-	-	Да	-
Компьютерные технологии, системы и сети	15	16.07.2026 19:00	159	2005384	-		7	-	97	95	100	292	10	302	Да	Участвует в конкурсе	-	-	Да	-
Компьютерные технологии, системы и сети	15	16.07.2026 19:00	160	1502047	-		3	Да	98	100	100	298	3	301	Да	Участвует в конкурсе	-	-	Да	-
Компьютерные технологии, системы и сети	15	16.07.2026 19:00	161	1628551	-		5	-	99	100	97	296	5	301	Да	Участвует в конкурсе	-	-	-	-
Компьютерные технологии, системы и сети	15	16.07.2026 19:00	162	1455709	-		12	-	100	98	97	295	5	300	Да	Участвует в конкурсе	-	-	Да	-
Компьютерные технологии, системы и сети	15	16.07.2026 19:00	163	1413259	-		3	-	98	100	97	295	5	300	Да	Участвует в конкурсе	-	-	-	-
Компьютерные технологии, системы и сети	15	16.07.2026 19:00	164	1723173	-		4	-	100	93	100	293	7	300	Да	Участвует в конкурсе	-	-	-	-
Компьютерные технологии, системы и сети	15	16.07.2026 19:00	165	2060011	-		2	-	100	93	97	290	10	300	Да	На рассмотрении	-	-	Да	-
Компьютерные технологии, системы и сети	15	16.07.2026 19:00	166	1776866	-		1	-	99	100	97	296	3	299	Да	Участвует в конкурсе	-	-	Да	-
Компьютерные технологии, системы и сети	15	16.07.2026 19:00	167	1586111	-		3	-	99	98	97	294	5	299	Да	Участвует в конкурсе	-	-	-	-
Компьютерные технологии, системы и сети	15	16.07.2026 19:00	168	1188080	-		5	-	97	98	97	292	7	299	Да	Участвует в конкурсе	-	-	Да	-
Компьютерные технологии, системы и сети	15	16.07.2026 19:00	169	1702887	-		2	-	100	100	89	289	10	299	Да	Участвует в конкурсе	-	-	Да	-
Компьютерные технологии, системы и сети	15	16.07.2026 19:00	170	1673245	-		7	-	100	98	91	289	10	299	Да	Участвует в конкурсе	-	-	Да	-
Компьютерные технологии, системы и сети	15	16.07.2026 19:00	171	1911722	-		12	-	100	98	91	289	10	299	Да	Участвует в конкурсе	-	-	Да	-
Компьютерные технологии, системы и сети	15	16.07.2026 19:00	172	1521418	-		11	-	92	100	97	289	10	299	Да	Участвует в конкурсе	-	-	Да	-
Компьютерные технологии, системы и сети	15	16.07.2026 19:00	173	1515716	-		3	-	98	100	100	298	0	298	Да	Участвует в конкурсе	-	-	-	-
Компьютерные технологии, системы и сети	15	16.07.2026 19:00	174	1482996	-		3	-	94	100	94	288	10	298	Да	Участвует в конкурсе	-	-	Да	-
Компьютерные технологии, системы и сети	15	16.07.2026 19:00	175	1999227	-		3	-	100	100	94	294	3	297	Да	Участвует в конкурсе	-	-	Да	-
Компьютерные технологии, системы и сети	15	16.07.2026 19:00	176	1897125	-		2	-	99	100	91	290	7	297	Да	Участвует в конкурсе	-	-	-	-
Компьютерные технологии, системы и сети	15	16.07.2026 19:00	177	1207871	-		4	-	100	93	94	287	10	297	Да	Отозвано поступающим	-	-	Да	Да
Компьютерные технологии, системы и сети	15	16.07.2026 19:00	178	1074287	-		4	-	99	100	94	293	3	296	Да	Участвует в конкурсе	-	-	Да	-
Компьютерные технологии, системы и сети	15	16.07.2026 19:00	179	1986573	-		3	-	98	98	97	293	3	296	Да	Участвует в конкурсе	-	-	Да	-
Компьютерные технологии, системы и сети	15	16.07.2026 19:00	180	1580750	-		3	-	96	98	97	291	5	296	Да	Участвует в конкурсе	-	-	-	-
Компьютерные технологии, системы и сети	15	16.07.2026 19:00	181	1272720	-		3	-	94	100	97	291	5	296	Да	Участвует в конкурсе	-	-	Да	-
Компьютерные технологии, системы и сети	15	16.07.2026 19:00	182	1612531	-		6	-	100	95	91	286	10	296	Да	Участвует в конкурсе	-	-	-	-
Компьютерные технологии, системы и сети	15	16.07.2026 19:00	183	1610065	-		2	-	100	98	94	292	3	295	Да	Участвует в конкурсе	-	-	-	-
Компьютерные технологии, системы и сети	15	16.07.2026 19:00	184	1993093	-		3	-	100	98	94	292	3	295	Да	Участвует в конкурсе	-	-	Да	-
Компьютерные технологии, системы и сети	15	16.07.2026 19:00	185	1427002	-		4	-	100	93	97	290	5	295	Да	Участвует в конкурсе	-	-	Да	-
Компьютерные технологии, системы и сети	15	16.07.2026 19:00	186	1455825	-		6	-	100	90	100	290	5	295	Да	Участвует в конкурсе	-	-	Да	-
Компьютерные технологии, системы и сети	15	16.07.2026 19:00	187	1204553	-		4	-	100	90	100	290	5	295	Да	Участвует в конкурсе	-	-	-	-
Компьютерные технологии, системы и сети	15	16.07.2026 19:00	188	1642840	-		6	-	94	100	94	288	7	295	Да	Участвует в конкурсе	-	-	-	-
Компьютерные технологии, системы и сети	15	16.07.2026 19:00	189	1727373	-		3	-	100	88	97	285	10	295	Да	Участвует в конкурсе	-	-	Да	-
Компьютерные технологии, системы и сети	15	16.07.2026 19:00	190	1801537	-		3	-	92	93	100	285	10	295	Да	Участвует в конкурсе	-	-	Да	-
Компьютерные технологии, системы и сети	15	16.07.2026 19:00	191	1173115	-		3	-	100	95	97	292	2	294	Да	Участвует в конкурсе	-	-	-	-
Компьютерные технологии, системы и сети	15	16.07.2026 19:00	192	1343899	-		9	-	100	100	91	291	3	294	Да	Участвует в конкурсе	-	-	-	-
Компьютерные технологии, системы и сети	15	16.07.2026 19:00	193	1582873	-		3	-	98	93	100	291	3	294	Да	Участвует в конкурсе	-	-	-	-
Компьютерные технологии, системы и сети	15	16.07.2026 19:00	194	1829378	-		3	-	97	100	94	291	3	294	Да	Участвует в конкурсе	-	-	Да	-
Компьютерные технологии, системы и сети	15	16.07.2026 19:00	195	1401780	-		12	-	96	98	97	291	3	294	Да	Участвует в конкурсе	Да	-	Да	-
Компьютерные технологии, системы и сети	15	16.07.2026 19:00	196	1511270	-		8	-	96	98	97	291	3	294	Да	Участвует в конкурсе	-	-	Да	-
Компьютерные технологии, системы и сети	15	16.07.2026 19:00	197	1566101	-		1	-	96	95	100	291	3	294	Да	Участвует в конкурсе	-	-	-	-
Компьютерные технологии, системы и сети	15	16.07.2026 19:00	198	1422367	-		3	-	97	95	97	289	5	294	Да	Участвует в конкурсе	-	-	-	-
Компьютерные технологии, системы и сети	15	16.07.2026 19:00	199	1856287	-		4	-	96	93	100	289	5	294	Да	Участвует в конкурсе	-	-	-	-
Компьютерные технологии, системы и сети	15	16.07.2026 19:00	200	1732497	-		10	-	100	90	94	284	10	294	Да	Участвует в конкурсе	-	-	Да	-
Компьютерные технологии, системы и сети	15	16.07.2026 19:00	201	1633348	Да	Диплом олимпиады	1	-	96	98	81	275	8	283	Да	Участвует в конкурсе	-	-	Да	-
Компьютерные технологии, системы и сети	15	16.07.2026 19:00	202	2043367	Да	Диплом олимпиады	4	Да	90	90	91	271	9	280	Да	Участвует в конкурсе	-	-	Да	-
Компьютерные технологии, системы и сети	15	16.07.2026 19:00	203	1618150	-		4	-	100	100	94	294	10	304	Да	Участвует в конкурсе	-	-	-	-
Компьютерные технологии, системы и сети	15	16.07.2026 19:00	204	1823789	-		3	-	97	100	97	294	10	304	Да	Участвует в конкурсе	-	-	Да	-
Компьютерные технологии, системы и сети	15	16.07.2026 19:00	205	1484288	-		3	-	100	98	100	298	5	303	Да	Участвует в конкурсе	-	-	Да	-
Компьютерные технологии, системы и сети	15	16.07.2026 19:00	206	1533512	-		8	-	100	100	94	294	9	303	Да	Участвует в конкурсе	-	-	-	-
Компьютерные технологии, системы и сети	15	16.07.2026 19:00	207	1210337	-		5	-	100	100	97	297	5	300	Да	Отозвано поступающим	-	-	Да	Да
Компьютерные технологии, системы и сети	15	16.07.2026 19:00	208	1129308	-		4	-	100	100	97	297	5	302	Да	Участвует в конкурсе	-	-	Да	-
Компьютерные технологии, системы и сети	15	16.07.2026 19:00	209	2005384	-		7	-	97	95	100	292	10	302	Да	Участвует в конкурсе	-	-	Да	-
Компьютерные технологии, системы и сети	15	16.07.2026 19:00	210	1502047	-		3	Да	98	100	100	298	3	301	Да	Участвует в конкурсе	-	-	Да	-
Компьютерные технологии, системы и сети	15	16.07.2026 19:00	211	1628551	-		5	-	99	100	97	296	5	301	Да	Участвует в конкурсе	-	-	-	-
Компьютерные технологии, системы и сети	15	16.07.2026 19:00	212	1455709	-		12	-	100	98	97	295	5	300	Да	Участвует в конкурсе	-	-	Да	-
Компьютерные технологии, системы и сети	15	16.07.2026 19:00	213	1413259	-		3	-	98	100	97	295	5	300	Да	Участвует в конкурсе	-	-	-	-
Компьютерные технологии, системы и сети	15	16.07.2026 19:00	214	1723173	-		4	-	100	93	100	293	7	300	Да	Участвует в конкурсе	-	-	-	-
Компьютерные технологии, системы и сети	15	16.07.2026 19:00	215	2060011	-		2	-	100	93	97	290	10	300	Да	На рассмотрении	-	-	Да	-
Компьютерные технологии, системы и сети	15	16.07.2026 19:00	216	1776866	-		1	-	99	100	97	296	3	299	Да	Участвует в конкурсе	-	-	Да	-
Компьютерные технологии, системы и сети	15	16.07.2026 19:00	217	1586111	-		3	-	99	98	97	294	5	299	Да	Участвует в конкурсе	-	-	-	-
Компьютерные технологии, системы и сети	15	16.07.2026 19:00	218	1188080	-		5	-	97	98	97	292	7	299	Да	Участвует в конкурсе	-	-	Да	-
Компьютерные технологии, системы и сети	15	16.07.2026 19:00	219	1702887	-		2	-	100	100	89	289	10	299	Да	Участвует в конкурсе	-	-	Да	-
Компьютерные технологии, системы и сети	15	16.07.2026 19:00	220	1673245	-		7	-	100	98	91	289	10	299	Да	Участвует в конкурсе	-	-	Да	-
Компьютерные технологии, системы и сети	15	16.07.2026 19:00	221	1911722	-		12	-	100	98	91	289	10	299	Да	Участвует в конкурсе	-	-	Да	-
Компьютерные технологии, системы и сети	15	16.07.2026 19:00	222	1521418	-		11	-	92	100	97	289	10	299	Да	Участвует в конкурсе	-	-	Да	-
Компьютерные технологии, системы и сети	15	16.07.2026 19:00	223	1515716	-		3	-	98	100	100	298	0	298	Да	Участвует в конкурсе	-	-	-	-
Компьютерные технологии, системы и сети	15	16.07.2026 19:00	224	1482996	-		3	-	94	100	94	288	10	298	Да	Участвует в конкурсе	-	-	Да	-
Компьютерные технологии, системы и сети	15	16.07.2026 19:00	225	1999227	-		3	-	100	100	94	294	3	297	Да	Участвует в конкурсе	-	-	Да	-
Компьютерные технологии, системы и сети	15	16.07.2026 19:00	226	1897125	-		2	-	99	100	91	290	7	297	Да	Участвует в конкурсе	-	-	-	-
Компьютерные технологии, системы и сети	15	16.07.2026 19:00	227	1207871	-		4	-	100	93	94	287	10	297	Да	Отозвано поступающим	-	-	Да	Да
Компьютерные технологии, системы и сети	15	16.07.2026 19:00	228	1074287	-		4	-	99	100	94	293	3	296	Да	Участвует в конкурсе	-	-	Да	-
Компьютерные технологии, системы и сети	15	16.07.2026 19:00	229	1986573	-		3	-	98	98	97	293	3	296	Да	Участвует в конкурсе	-	-	Да	-
Компьютерные технологии, системы и сети	15	16.07.2026 19:00	230	1580750	-		3	-	96	98	97	291	5	296	Да	Участвует в конкурсе	-	-	-	-
Компьютерные технологии, системы и сети	15	16.07.2026 19:00	231	1272720	-		3	-	94	100	97	291	5	296	Да	Участвует в конкурсе	-	-	Да	-
Компьютерные технологии, системы и сети	15	16.07.2026 19:00	232	1612531	-		6	-	100	95	91	286	10	296	Да	Участвует в конкурсе	-	-	-	-
Компьютерные технологии, системы и сети	15	16.07.2026 19:00	233	1610065	-		2	-	100	98	94	292	3	295	Да	Участвует в конкурсе	-	-	-	-
Компьютерные технологии, системы и сети	15	16.07.2026 19:00	234	1993093	-		3	-	100	98	94	292	3	295	Да	Участвует в конкурсе	-	-	Да	-
Компьютерные технологии, системы и сети	15	16.07.2026 19:00	235	1427002	-		4	-	100	93	97	290	5	295	Да	Участвует в конкурсе	-	-	Да	-
Компьютерные технологии, системы и сети	15	16.07.2026 19:00	236	1455825	-		6	-	100	90	100	290	5	295	Да	Участвует в конкурсе	-	-	Да	-
Компьютерные технологии, системы и сети	15	16.07.2026 19:00	237	1204553	-		4	-	100	90	100	290	5	295	Да	Участвует в конкурсе	-	-	-	-
Компьютерные технологии, системы и сети	15	16.07.2026 19:00	238	1642840	-		6	-	94	100	94	288	7	295	Да	Участвует в конкурсе	-	-	-	-
Компьютерные технологии, системы и сети	15	16.07.2026 19:00	239	1727373	-		3	-	100	88	97	285	10	295	Да	Участвует в конкурсе	-	-	Да	-
Компьютерные технологии, системы и сети	15	16.07.2026 19:00	240	1801537	-		3	-	92	93	100	285	10	295	Да	Участвует в конкурсе	-	-	Да	-
Компьютерные технологии, системы и сети	15	16.07.2026 19:00	241	1173115	-		3	-	100	95	97	292	2	294	Да	Участвует в конкурсе	-	-	-	-
Компьютерные технологии, системы и сети	15	16.07.2026 19:00	242	1343899	-		9	-	100	100	91	291	3	294	Да	Участвует в конкурсе	-	-	-	-
Компьютерные технологии, системы и сети	15	16.07.2026 19:00	243	1582873	-		3	-	98	93	100	291	3	294	Да	Участвует в конкурсе	-	-	-	-
Компьютерные технологии, системы и сети	15	16.07.2026 19:00	244	1829378	-		3	-	97	100	94	291	3	294	Да	Участвует в конкурсе	-	-	Да	-
Компьютерные технологии, системы и сети	15	16.07.2026 19:00	245	1401780	-		12	-	96	98	97	291	3	294	Да	Участвует в конкурсе	Да	-	Да	-
Компьютерные технологии, системы и сети	15	16.07.2026 19:00	246	1511270	-		8	-	96	98	97	291	3	294	Да	Участвует в конкурсе	-	-	Да	-
Компьютерные технологии, системы и сети	15	16.07.2026 19:00	247	1566101	-		1	-	96	95	100	291	3	294	Да	Участвует в конкурсе	-	-	-	-
Компьютерные технологии, системы и сети	15	16.07.2026 19:00	248	1422367	-		3	-	97	95	97	289	5	294	Да	Участвует в конкурсе	-	-	-	-
Компьютерные технологии, системы и сети	15	16.07.2026 19:00	249	1856287	-		4	-	96	93	100	289	5	294	Да	Участвует в конкурсе	-	-	-	-
Компьютерные технологии, системы и сети	15	16.07.2026 19:00	250	1732497	-		10	-	100	90	94	284	10	294	Да	Участвует в конкурсе	-	-	Да	-
Компьютерные технологии, системы и сети	15	16.07.2026 19:00	251	1633348	Да	Диплом олимпиады	1	-	96	98	81	275	8	283	Да	Участвует в конкурсе	-	-	Да	-
Компьютерные технологии, системы и сети	15	16.07.2026 19:00	252	2043367	Да	Диплом олимпиады	4	Да	90	90	91	271	9	280	Да	Участвует в конкурсе	-	-	Да	-
Компьютерные технологии, системы и сети	15	16.07.2026 19:00	253	1618150	-		4	-	100	100	94	294	10	304	Да	Участвует в конкурсе	-	-	-	-
Компьютерные технологии, системы и сети	15	16.07.2026 19:00	254	1823789	-		3	-	97	100	97	294	10	304	Да	Участвует в конкурсе	-	-	Да	-
Компьютерные технологии, системы и сети	15	16.07.2026 19:00	255	1484288	-		3	-	100	98	100	298	5	303	Да	Участвует в конкурсе	-	-	Да	-
Компьютерные технологии, системы и сети	15	16.07.2026 19:00	256	1533512	-		8	-	100	100	94	294	9	303	Да	Участвует в конкурсе	-	-	-	-
Компьютерные технологии, системы и сети	15	16.07.2026 19:00	257	1210337	-		5	-	100	100	97	297	5	300	Да	Отозвано поступающим	-	-	Да	Да
Компьютерные технологии, системы и сети	15	16.07.2026 19:00	258	1129308	-		4	-	100	100	97	297	5	302	Да	Участвует в конкурсе	-	-	Да	-
Компьютерные технологии, системы и сети	15	16.07.2026 19:00	259	2005384	-		7	-	97	95	100	292	10	302	Да	Участвует в конкурсе	-	-	Да	-
Компьютерные технологии, системы и сети	15	16.07.2026 19:00	260	1502047	-		3	Да	98	100	100	298	3	301	Да	Участвует в конкурсе	-	-	Да	-
Компьютерные технологии, системы и сети	15	16.07.2026 19:00	261	1628551	-		5	-	99	100	97	296	5	301	Да	Участвует в конкурсе	-	-	-	-
Компьютерные технологии, системы и сети	15	16.07.2026 19:00	262	1455709	-		12	-	100	98	97	295	5	300	Да	Участвует в конкурсе	-	-	Да	-
Компьютерные технологии, системы и сети	15	16.07.2026 19:00	263	1413259	-		3	-	98	100	97	295	5	300	Да	Участвует в конкурсе	-	-	-	-
Компьютерные технологии, системы и сети	15	16.07.2026 19:00	264	1723173	-		4	-	100	93	100	293	7	300	Да	Участвует в конкурсе	-	-	-	-
Компьютерные технологии, системы и сети	15	16.07.2026 19:00	265	2060011	-		2	-	100	93	97	290	10	300	Да	На рассмотрении	-	-	Да	-
Компьютерные технологии, системы и сети	15	16.07.2026 19:00	266	1776866	-		1	-	99	100	97	296	3	299	Да	Участвует в конкурсе	-	-	Да	-
Компьютерные технологии, системы и сети	15	16.07.2026 19:00	267	1586111	-		3	-	99	98	97	294	5	299	Да	Участвует в конкурсе	-	-	-	-
Компьютерные технологии, системы и сети	15	16.07.2026 19:00	268	1188080	-		5	-	97	98	97	292	7	299	Да	Участвует в конкурсе	-	-	Да	-
Компьютерные технологии, системы и сети	15	16.07.2026 19:00	269	1702887	-		2	-	100	100	89	289	10	299	Да	Участвует в конкурсе	-	-	Да	-
Компьютерные технологии, системы и сети	15	16.07.2026 19:00	270	1673245	-		7	-	100	98	91	289	10	299	Да	Участвует в конкурсе	-	-	Да	-
Компьютерные технологии, системы и сети	15	16.07.2026 19:00	271	1911722	-		12	-	100	98	91	289	10	299	Да	Участвует в конкурсе	-	-	Да	-
Компьютерные технологии, системы и сети	15	16.07.2026 19:00	272	1521418	-		11	-	92	100	97	289	10	299	Да	Участвует в конкурсе	-	-	Да	-
Компьютерные технологии, системы и сети	15	16.07.2026 19:00	273	1515716	-		3	-	98	100	100	298	0	298	Да	Участвует в конкурсе	-	-	-	-
Компьютерные технологии, системы и сети	15	16.07.2026 19:00	274	1482996	-		3	-	94	100	94	288	10	298	Да	Участвует в конкурсе	-	-	Да	-
Компьютерные технологии, системы и сети	15	16.07.2026 19:00	275	1999227	-		3	-	100	100	94	294	3	297	Да	Участвует в конкурсе	-	-	Да	-
Компьютерные технологии, системы и сети	15	16.07.2026 19:00	276	1897125	-		2	-	99	100	91	290	7	297	Да	Участвует в конкурсе	-	-	-	-
Компьютерные технологии, системы и сети	15	16.07.2026 19:00	277	1207871	-		4	-	100	93	94	287	10	297	Да	Отозвано поступающим	-	-	Да	Да
Компьютерные технологии, системы и сети	15	16.07.2026 19:00	278	1074287	-		4	-	99	100	94	293	3	296	Да	Участвует в конкурсе	-	-	Да	-
Компьютерные технологии, системы и сети	15	16.07.2026 19:00	279	1986573	-		3	-	98	98	97	293	3	296	Да	Участвует в конкурсе	-	-	Да	-
Компьютерные технологии, системы и сети	15	16.07.2026 19:00	280	1580750	-		3	-	96	98	97	291	5	296	Да	Участвует в конкурсе	-	-	-	-
Компьютерные технологии, системы и сети	15	16.07.2026 19:00	281	1272720	-		3	-	94	100	97	291	5	296	Да	Участвует в конкурсе	-	-	Да	-
Компьютерные технологии, системы и сети	15	16.07.2026 19:00	282	1612531	-		6	-	100	95	91	286	10	296	Да	Участвует в конкурсе	-	-	-	-
Компьютерные технологии, системы и сети	15	16.07.2026 19:00	283	1610065	-		2	-	100	98	94	292	3	295	Да	Участвует в конкурсе	-	-	-	-
Компьютерные технологии, системы и сети	15	16.07.2026 19:00	284	1993093	-		3	-	100	98	94	292	3	295	Да	Участвует в конкурсе	-	-	Да	-
Компьютерные технологии, системы и сети	15	16.07.2026 19:00	285	1427002	-		4	-	100	93	97	290	5	295	Да	Участвует в конкурсе	-	-	Да	-
Компьютерные технологии, системы и сети	15	16.07.2026 19:00	286	1455825	-		6	-	100	90	100	290	5	295	Да	Участвует в конкурсе	-	-	Да	-
Компьютерные технологии, системы и сети	15	16.07.2026 19:00	287	1204553	-		4	-	100	90	100	290	5	295	Да	Участвует в конкурсе	-	-	-	-
Компьютерные технологии, системы и сети	15	16.07.2026 19:00	288	1642840	-		6	-	94	100	94	288	7	295	Да	Участвует в конкурсе	-	-	-	-
Компьютерные технологии, системы и сети	15	16.07.2026 19:00	289	1727373	-		3	-	100	88	97	285	10	295	Да	Участвует в конкурсе	-	-	Да	-
Компьютерные технологии, системы и сети	15	16.07.2026 19:00	290	1801537	-		3	-	92	93	100	285	10	295	Да	Участвует в конкурсе	-	-	Да	-
Компьютерные технологии, системы и сети	15	16.07.2026 19:00	291	1173115	-		3	-	100	95	97	292	2	294	Да	Участвует в конкурсе	-	-	-	-
Компьютерные технологии, системы и сети	15	16.07.2026 19:00	292	1343899	-		9	-	100	100	91	291	3	294	Да	Участвует в конкурсе	-	-	-	-
Компьютерные технологии, системы и сети	15	16.07.2026 19:00	293	1582873	-		3	-	98	93	100	291	3	294	Да	Участвует в конкурсе	-	-	-	-
Компьютерные технологии, системы и сети	15	16.07.2026 19:00	294	1829378	-		3	-	97	100	94	291	3	294	Да	Участвует в конкурсе	-	-	Да	-
Компьютерные технологии, системы и сети	15	16.07.2026 19:00	295	1401780	-		12	-	96	98	97	291	3	294	Да	Участвует в конкурсе	Да	-	Да	-
Компьютерные технологии, системы и сети	15	16.07.2026 19:00	296	1511270	-		8	-	96	98	97	291	3	294	Да	Участвует в конкурсе	-	-	Да	-
Компьютерные технологии, системы и сети	15	16.07.2026 19:00	297	1566101	-		1	-	96	95	100	291	3	294	Да	Участвует в конкурсе	-	-	-	-
Компьютерные технологии, системы и сети	15	16.07.2026 19:00	298	1422367	-		3	-	97	95	97	289	5	294	Да	Участвует в конкурсе	-	-	-	-
Компьютерные технологии, системы и сети	15	16.07.2026 19:00	299	1856287	-		4	-	96	93	100	289	5	294	Да	Участвует в конкурсе	-	-	-	-
Компьютерные технологии, системы и сети	15	16.07.2026 19:00	300	1732497	-		10	-	100	90	94	284	10	294	Да	Участвует в конкурсе	-	-	Да	-
Компьютерные технологии, системы и сети	15	16.07.2026 19:00	301	1633348	Да	Диплом олимпиады	1	-	96	98	81	275	8	283	Да	Участвует в конкурсе	-	-	Да	-
Компьютерные технологии, системы и сети	15	16.07.2026 19:00	302	2043367	Да	Диплом олимпиады	4	Да	90	90	91	271	9	280	Да	Участвует в конкурсе	-	-	Да	-
Компьютерные технологии, системы и сети	15	16.07.2026 19:00	303	1618150	-		4	-	100	100	94	294	10	304	Да	Участвует в конкурсе	-	-	-	-
Компьютерные технологии, системы и сети	15	16.07.2026 19:00	304	1823789	-		3	-	97	100	97	294	10	304	Да	Участвует в конкурсе	-	-	Да	-
Компьютерные технологии, системы и сети	15	16.07.2026 19:00	305	1484288	-		3	-	100	98	100	298	5	303	Да	Участвует в конкурсе	-	-	Да	-
Компьютерные технологии, системы и сети	15	16.07.2026 19:00	306	1533512	-		8	-	100	100	94	294	9	303	Да	Участвует в конкурсе	-	-	-	-
Компьютерные технологии, системы и сети	15	16.07.2026 19:00	307	1210337	-		5	-	100	100	97	297	5	300	Да	Отозвано поступающим	-	-	Да	Да
Компьютерные технологии, системы и сети	15	16.07.2026 19:00	308	1129308	-		4	-	100	100	97	297	5	302	Да	Участвует в конкурсе	-	-	Да	-
Компьютерные технологии, системы и сети	15	16.07.2026 19:00	309	2005384	-		7	-	97	95	100	292	10	302	Да	Участвует в конкурсе	-	-	Да	-
Компьютерные технологии, системы и сети	15	16.07.2026 19:00	310	1502047	-		3	Да	98	100	100	298	3	301	Да	Участвует в конкурсе	-	-	Да	-
Компьютерные технологии, системы и сети	15	16.07.2026 19:00	311	1628551	-		5	-	99	100	97	296	5	301	Да	Участвует в конкурсе	-	-	-	-
Компьютерные технологии, системы и сети	15	16.07.2026 19:00	312	1455709	-		12	-	100	98	97	295	5	300	Да	Участвует в конкурсе	-	-	Да	-
Компьютерные технологии, системы и сети	15	16.07.2026 19:00	313	1413259	-		3	-	98	100	97	295	5	300	Да	Участвует в конкурсе	-	-	-	-
Компьютерные технологии, системы и сети	15	16.07.2026 19:00	314	1723173	-		4	-	100	93	100	293	7	300	Да	Участвует в конкурсе	-	-	-	-
Компьютерные технологии, системы и сети	15	16.07.2026 19:00	315	2060011	-		2	-	100	93	97	290	10	300	Да	На рассмотрении	-	-	Да	-
Компьютерные технологии, системы и сети	15	16.07.2026 19:00	316	1776866	-		1	-	99	100	97	296	3	299	Да	Участвует в конкурсе	-	-	Да	-
Компьютерные технологии, системы и сети	15	16.07.2026 19:00	317	1586111	-		3	-	99	98	97	294	5	299	Да	Участвует в конкурсе	-	-	-	-
Компьютерные технологии, системы и сети	15	16.07.2026 19:00	318	1188080	-		5	-	97	98	97	292	7	299	Да	Участвует в конкурсе	-	-	Да	-
Компьютерные технологии, системы и сети	15	16.07.2026 19:00	319	1702887	-		2	-	100	100	89	289	10	299	Да	Участвует в конкурсе	-	-	Да	-
Компьютерные технологии, системы и сети	15	16.07.2026 19:00	320	1673245	-		7	-	100	98	91	289	10	299	Да	Участвует в конкурсе	-	-	Да	-
Компьютерные технологии, системы и сети	15	16.07.2026 19:00	321	1911722	-		12	-	100	98	91	289	10	299	Да	Участвует в конкурсе	-	-	Да	-
Компьютерные технологии, системы и сети	15	16.07.2026 19:00	322	1521418	-		11	-	92	100	97	289	10	299	Да	Участвует в конкурсе	-	-	Да	-
Компьютерные технологии, системы и сети	15	16.07.2026 19:00	323	1515716	-		3	-	98	100	100	298	0	298	Да	Участвует в конкурсе	-	-	-	-
Компьютерные технологии, системы и сети	15	16.07.2026 19:00	324	1482996	-		3	-	94	100	94	288	10	298	Да	Участвует в конкурсе	-	-	Да	-
Компьютерные технологии, системы и сети	15	16.07.2026 19:00	325	1999227	-		3	-	100	100	94	294	3	297	Да	Участвует в конкурсе	-	-	Да	-
Компьютерные технологии, системы и сети	15	16.07.2026 19:00	326	1897125	-		2	-	99	100	91	290	7	297	Да	Участвует в конкурсе	-	-	-	-
Компьютерные технологии, системы и сети	15	16.07.2026 19:00	327	1207871	-		4	-	100	93	94	287	10	297	Да	Отозвано поступающим	-	-	Да	Да
Компьютерные технологии, системы и сети	15	16.07.2026 19:00	328	1074287	-		4	-	99	100	94	293	3	296	Да	Участвует в конкурсе	-	-	Да	-
Компьютерные технологии, системы и сети	15	16.07.2026 19:00	329	1986573	-		3	-	98	98	97	293	3	296	Да	Участвует в конкурсе	-	-	Да	-
Компьютерные технологии, системы и сети	15	16.07.2026 19:00	330	1580750	-		3	-	96	98	97	291	5	296	Да	Участвует в конкурсе	-	-	-	-
Компьютерные технологии, системы и сети	15	16.07.2026 19:00	331	1272720	-		3	-	94	100	97	291	5	296	Да	Участвует в конкурсе	-	-	Да	-
Компьютерные технологии, системы и сети	15	16.07.2026 19:00	332	1612531	-		6	-	100	95	91	286	10	296	Да	Участвует в конкурсе	-	-	-	-
Компьютерные технологии, системы и сети	15	16.07.2026 19:00	333	1610065	-		2	-	100	98	94	292	3	295	Да	Участвует в конкурсе	-	-	-	-
Компьютерные технологии, системы и сети	15	16.07.2026 19:00	334	1993093	-		3	-	100	98	94	292	3	295	Да	Участвует в конкурсе	-	-	Да	-
Компьютерные технологии, системы и сети	15	16.07.2026 19:00	335	1427002	-		4	-	100	93	97	290	5	295	Да	Участвует в конкурсе	-	-	Да	-
Компьютерные технологии, системы и сети	15	16.07.2026 19:00	336	1455825	-		6	-	100	90	100	290	5	295	Да	Участвует в конкурсе	-	-	Да	-
Компьютерные технологии, системы и сети	15	16.07.2026 19:00	337	1204553	-		4	-	100	90	100	290	5	295	Да	Участвует в конкурсе	-	-	-	-
Компьютерные технологии, системы и сети	15	16.07.2026 19:00	338	1642840	-		6	-	94	100	94	288	7	295	Да	Участвует в конкурсе	-	-	-	-
Компьютерные технологии, системы и сети	15	16.07.2026 19:00	339	1727373	-		3	-	100	88	97	285	10	295	Да	Участвует в конкурсе	-	-	Да	-
Компьютерные технологии, системы и сети	15	16.07.2026 19:00	340	1801537	-		3	-	92	93	100	285	10	295	Да	Участвует в конкурсе	-	-	Да	-
Компьютерные технологии, системы и сети	15	16.07.2026 19:00	341	1173115	-		3	-	100	95	97	292	2	294	Да	Участвует в конкурсе	-	-	-	-
Компьютерные технологии, системы и сети	15	16.07.2026 19:00	342	1343899	-		9	-	100	100	91	291	3	294	Да	Участвует в конкурсе	-	-	-	-
Компьютерные технологии, системы и сети	15	16.07.2026 19:00	343	1582873	-		3	-	98	93	100	291	3	294	Да	Участвует в конкурсе	-	-	-	-
Компьютерные технологии, системы и сети	15	16.07.2026 19:00	344	1829378	-		3	-	97	100	94	291	3	294	Да	Участвует в конкурсе	-	-	Да	-
Компьютерные технологии, системы и сети	15	16.07.2026 19:00	345	1401780	-		12	-	96	98	97	291	3	294	Да	Участвует в конкурсе	Да	-	Да	-
Компьютерные технологии, системы и сети	15	16.07.2026 19:00	346	1511270	-		8	-	96	98	97	291	3	294	Да	Участвует в конкурсе	-	-	Да	-
Компьютерные технологии, системы и сети	15	16.07.2026 19:00	347	1566101	-		1	-	96	95	100	291	3	294	Да	Участвует в конкурсе	-	-	-	-
Компьютерные технологии, системы и сети	15	16.07.2026 19:00	348	1422367	-		3	-	97	95	97	289	5	294	Да	Участвует в конкурсе	-	-	-	-
Компьютерные технологии, системы и сети	15	16.07.2026 19:00	349	1856287	-		4	-	96	93	100	289	5	294	Да	Участвует в конкурсе	-	-	-	-
Компьютерные технологии, системы и сети	15	16.07.2026 19:00	350	1732497	-		10	-	100	90	94	284	10	294	Да	Участвует в конкурсе	-	-	Да	-
Компьютерные технологии, системы и сети	15	16.07.2026 19:00	351	1633348	Да	Диплом олимпиады	1	-	96	98	81	275	8	283	Да	Участвует в конкурсе	-	-	Да	-
Компьютерные технологии, системы и сети	15	16.07.2026 19:00	352	2043367	Да	Диплом олимпиады	4	Да	90	90	91	271	9	280	Да	Участвует в конкурсе	-	-	Да	-
Компьютерные технологии, системы и сети	15	16.07.2026 19:00	353	1618150	-		4	-	100	100	94	294	10	304	Да	Участвует в конкурсе	-	-	-	-
Компьютерные технологии, системы и сети	15	16.07.2026 19:00	354	1823789	-		3	-	97	100	97	294	10	304	Да	Участвует в конкурсе	-	-	Да	-
Компьютерные технологии, системы и сети	15	16.07.2026 19:00	355	1484288	-		3	-	100	98	100	298	5	303	Да	Участвует в конкурсе	-	-	Да	-
Компьютерные технологии, системы и сети	15	16.07.2026 19:00	356	1533512	-		8	-	100	100	94	294	9	303	Да	Участвует в конкурсе	-	-	-	-
Компьютерные технологии, системы и сети	15	16.07.2026 19:00	357	1210337	-		5	-	100	100	97	297	5	300	Да	Отозвано поступающим	-	-	Да	Да
Компьютерные технологии, системы и сети	15	16.07.2026 19:00	358	1129308	-		4	-	100	100	97	297	5	302	Да	Участвует в конкурсе	-	-	Да	-
Компьютерные технологии, системы и сети	15	16.07.2026 19:00	359	2005384	-		7	-	97	95	100	292	10	302	Да	Участвует в конкурсе	-	-	Да	-
Компьютерные технологии, системы и сети	15	16.07.2026 19:00	360	1502047	-		3	Да	98	100	100	298	3	301	Да	Участвует в конкурсе	-	-	Да	-
Компьютерные технологии, системы и сети	15	16.07.2026 19:00	361	1628551	-		5	-	99	100	97	296	5	301	Да	Участвует в конкурсе	-	-	-	-
Компьютерные технологии, системы и сети	15	16.07.2026 19:00	362	1455709	-		12	-	100	98	97	295	5	300	Да	Участвует в конкурсе	-	-	Да	-
Компьютерные технологии, системы и сети	15	16.07.2026 19:00	363	1413259	-		3	-	98	100	97	295	5	300	Да	Участвует в конкурсе	-	-	-	-
Компьютерные технологии, системы и сети	15	16.07.2026 19:00	364	1723173	-		4	-	100	93	100	293	7	300	Да	Участвует в конкурсе	-	-	-	-
Компьютерные технологии, системы и сети	15	16.07.2026 19:00	365	2060011	-		2	-	100	93	97	290	10	300	Да	На рассмотрении	-	-	Да	-
Компьютерные технологии, системы и сети	15	16.07.2026 19:00	366	1776866	-		1	-	99	100	97	296	3	299	Да	Участвует в конкурсе	-	-	Да	-
Компьютерные технологии, системы и сети	15	16.07.2026 19:00	367	1586111	-		3	-	99	98	97	294	5	299	Да	Участвует в конкурсе	-	-	-	-
Компьютерные технологии, системы и сети	15	16.07.2026 19:00	368	1188080	-		5	-	97	98	97	292	7	299	Да	Участвует в конкурсе	-	-	Да	-
Компьютерные технологии, системы и сети	15	16.07.2026 19:00	369	1702887	-		2	-	100	100	89	289	10	299	Да	Участвует в конкурсе	-	-	Да	-
Компьютерные технологии, системы и сети	15	16.07.2026 19:00	370	1673245	-		7	-	100	98	91	289	10	299	Да	Участвует в конкурсе	-	-	Да	-
Компьютерные технологии, системы и сети	15	16.07.2026 19:00	371	1911722	-		12	-	100	98	91	289	10	299	Да	Участвует в конкурсе	-	-	Да	-
Компьютерные технологии, системы и сети	15	16.07.2026 19:00	372	1521418	-		11	-	92	100	97	289	10	299	Да	Участвует в конкурсе	-	-	Да	-
Компьютерные технологии, системы и сети	15	16.07.2026 19:00	373	1515716	-		3	-	98	100	100	298	0	298	Да	Участвует в конкурсе	-	-	-	-
Компьютерные технологии, системы и сети	15	16.07.2026 19:00	374	1482996	-		3	-	94	100	94	288	10	298	Да	Участвует в конкурсе	-	-	Да	-
Компьютерные технологии, системы и сети	15	16.07.2026 19:00	375	1999227	-		3	-	100	100	94	294	3	297	Да	Участвует в конкурсе	-	-	Да	-
Компьютерные технологии, системы и сети	15	16.07.2026 19:00	376	1897125	-		2	-	99	100	91	290	7	297	Да	Участвует в конкурсе	-	-	-	-
Компьютерные технологии, системы и сети	15	16.07.2026 19:00	377	1207871	-		4	-	100	93	94	287	10	297	Да	Отозвано поступающим	-	-	Да	Да
Компьютерные технологии, системы и сети	15	16.07.2026 19:00	378	1074287	-		4	-	99	100	94	293	3	296	Да	Участвует в конкурсе	-	-	Да	-
Компьютерные технологии, системы и сети	15	16.07.2026 19:00	379	1986573	-		3	-	98	98	97	293	3	296	Да	Участвует в конкурсе	-	-	Да	-
Компьютерные технологии, системы и сети	15	16.07.2026 19:00	380	1580750	-		3	-	96	98	97	291	5	296	Да	Участвует в конкурсе	-	-	-	-
Компьютерные технологии, системы и сети	15	16.07.2026 19:00	381	1272720	-		3	-	94	100	97	291	5	296	Да	Участвует в конкурсе	-	-	Да	-
Компьютерные технологии, системы и сети	15	16.07.2026 19:00	382	1612531	-		6	-	100	95	91	286	10	296	Да	Участвует в конкурсе	-	-	-	-
Компьютерные технологии, системы и сети	15	16.07.2026 19:00	383	1610065	-		2	-	100	98	94	292	3	295	Да	Участвует в конкурсе	-	-	-	-
Компьютерные технологии, системы и сети	15	16.07.2026 19:00	384	1993093	-		3	-	100	98	94	292	3	295	Да	Участвует в конкурсе	-	-	Да	-
Компьютерные технологии, системы и сети	15	16.07.2026 19:00	385	1427002	-		4	-	100	93	97	290	5	295	Да	Участвует в конкурсе	-	-	Да	-
Компьютерные технологии, системы и сети	15	16.07.2026 19:00	386	1455825	-		6	-	100	90	100	290	5	295	Да	Участвует в конкурсе	-	-	Да	-
Компьютерные технологии, системы и сети	15	16.07.2026 19:00	387	1204553	-		4	-	100	90	100	290	5	295	Да	Участвует в конкурсе	-	-	-	-
Компьютерные технологии, системы и сети	15	16.07.2026 19:00	388	1642840	-		6	-	94	100	94	288	7	295	Да	Участвует в конкурсе	-	-	-	-
Компьютерные технологии, системы и сети	15	16.07.2026 19:00	389	1727373	-		3	-	100	88	97	285	10	295	Да	Участвует в конкурсе	-	-	Да	-
Компьютерные технологии, системы и сети	15	16.07.2026 19:00	390	1801537	-		3	-	92	93	100	285	10	295	Да	Участвует в конкурсе	-	-	Да	-
Компьютерные технологии, системы и сети	15	16.07.2026 19:00	391	1173115	-		3	-	100	95	97	292	2	294	Да	Участвует в конкурсе	-	-	-	-
Компьютерные технологии, системы и сети	15	16.07.2026 19:00	392	1343899	-		9	-	100	100	91	291	3	294	Да	Участвует в конкурсе	-	-	-	-
Компьютерные технологии, системы и сети	15	16.07.2026 19:00	393	1582873	-		3	-	98	93	100	291	3	294	Да	Участвует в конкурсе	-	-	-	-
Компьютерные технологии, системы и сети	15	16.07.2026 19:00	394	1829378	-		3	-	97	100	94	291	3	294	Да	Участвует в конкурсе	-	-	Да	-
Компьютерные технологии, системы и сети	15	16.07.2026 19:00	395	1401780	-		12	-	96	98	97	291	3	294	Да	Участвует в конкурсе	Да	-	Да	-
Компьютерные технологии, системы и сети	15	16.07.2026 19:00	396	1511270	-		8	-	96	98	97	291	3	294	Да	Участвует в конкурсе	-	-	Да	-
Компьютерные технологии, системы и сети	15	16.07.2026 19:00	397	1566101	-		1	-	96	95	100	291	3	294	Да	Участвует в конкурсе	-	-	-	-
Компьютерные технологии, системы и сети	15	16.07.2026 19:00	398	1422367	-		3	-	97	95	97	289	5	294	Да	Участвует в конкурсе	-	-	-	-
Компьютерные технологии, системы и сети	15	16.07.2026 19:00	399	1856287	-		4	-	96	93	100	289	5	294	Да	Участвует в конкурсе	-	-	-	-
Компьютерные технологии, системы и сети	15	16.07.2026 19:00	400	1732497	-		10	-	100	90	94	284	10	294	Да	Участвует в конкурсе	-	-	Да	-
Компьютерные технологии, системы и сети	15	16.07.2026 19:00	401	1633348	Да	Диплом олимпиады	1	-	96	98	81	275	8	283	Да	Участвует в конкурсе	-	-	Да	-
Компьютерные технологии, системы и сети	15	16.07.2026 19:00	402	2043367	Да	Диплом олимпиады	4	Да	90	90	91	271	9	280	Да	Участвует в конкурсе	-	-	Да	-
Компьютерные технологии, системы и сети	15	16.07.2026 19:00	403	1618150	-		4	-	100	100	94	294	10	304	Да	Участвует в конкурсе	-	-	-	-
Компьютерные технологии, системы и сети	15	16.07.2026 19:00	404	1823789	-		3	-	97	100	97	294	10	304	Да	Участвует в конкурсе	-	-	Да	-
Компьютерные технологии, системы и сети	15	16.07.2026 19:00	405	1484288	-		3	-	100	98	100	298	5	303	Да	Участвует в конкурсе	-	-	Да	-
Компьютерные технологии, системы и сети	15	16.07.2026 19:00	406	1533512	-		8	-	100	100	94	294	9	303	Да	Участвует в конкурсе	-	-	-	-
Компьютерные технологии, системы и сети	15	16.07.2026 19:00	407	1210337	-		5	-	100	100	97	297	5	300	Да	Отозвано поступающим	-	-	Да	Да
Компьютерные технологии, системы и сети	15	16.07.2026 19:00	408	1129308	-		4	-	100	100	97	297	5	302	Да	Участвует в конкурсе	-	-	Да	-
Компьютерные технологии, системы и сети	15	16.07.2026 19:00	409	2005384	-		7	-	97	95	100	292	10	302	Да	Участвует в конкурсе	-	-	Да	-
Компьютерные технологии, системы и сети	15	16.07.2026 19:00	410	1502047	-		3	Да	98	100	100	298	3	301	Да	Участвует в конкурсе	-	-	Да	-
Компьютерные технологии, системы и сети	15	16.07.2026 19:00	411	1628551	-		5	-	99	100	97	296	5	301	Да	Участвует в конкурсе	-	-	-	-
Компьютерные технологии, системы и сети	15	16.07.2026 19:00	412	1455709	-		12	-	100	98	97	295	5	300	Да	Участвует в конкурсе	-	-	Да	-
Компьютерные технологии, системы и сети	15	16.07.2026 19:00	413	1413259	-		3	-	98	100	97	295	5	300	Да	Участвует в конкурсе	-	-	-	-
Компьютерные технологии, системы и сети	15	16.07.2026 19:00	414	1723173	-		4	-	100	93	100	293	7	300	Да	Участвует в конкурсе	-	-	-	-
Компьютерные технологии, системы и сети	15	16.07.2026 19:00	415	2060011	-		2	-	100	93	97	290	10	300	Да	На рассмотрении	-	-	Да	-
Компьютерные технологии, системы и сети	15	16.07.2026 19:00	416	1776866	-		1	-	99	100	97	296	3	299	Да	Участвует в конкурсе	-	-	Да	-
Компьютерные технологии, системы и сети	15	16.07.2026 19:00	417	1586111	-		3	-	99	98	97	294	5	299	Да	Участвует в конкурсе	-	-	-	-
Компьютерные технологии, системы и сети	15	16.07.2026 19:00	418	1188080	-		5	-	97	98	97	292	7	299	Да	Участвует в конкурсе	-	-	Да	-
Компьютерные технологии, системы и сети	15	16.07.2026 19:00	419	1702887	-		2	-	100	100	89	289	10	299	Да	Участвует в конкурсе	-	-	Да	-
Компьютерные технологии, системы и сети	15	16.07.2026 19:00	420	1673245	-		7	-	100	98	91	289	10	299	Да	Участвует в конкурсе	-	-	Да	-
Компьютерные технологии, системы и сети	15	16.07.2026 19:00	421	1911722	-		12	-	100	98	91	289	10	299	Да	Участвует в конкурсе	-	-	Да	-
Компьютерные технологии, системы и сети	15	16.07.2026 19:00	422	1521418	-		11	-	92	100	97	289	10	299	Да	Участвует в конкурсе	-	-	Да	-
Компьютерные технологии, системы и сети	15	16.07.2026 19:00	423	1515716	-		3	-	98	100	100	298	0	298	Да	Участвует в конкурсе	-	-	-	-
Компьютерные технологии, системы и сети	15	16.07.2026 19:00	424	1482996	-		3	-	94	100	94	288	10	298	Да	Участвует в конкурсе	-	-	Да	-
Компьютерные технологии, системы и сети	15	16.07.2026 19:00	425	1999227	-		3	-	100	100	94	294	3	297	Да	Участвует в конкурсе	-	-	Да	-
Компьютерные технологии, системы и сети	15	16.07.2026 19:00	426	1897125	-		2	-	99	100	91	290	7	297	Да	Участвует в конкурсе	-	-	-	-
Компьютерные технологии, системы и сети	15	16.07.2026 19:00	427	1207871	-		4	-	100	93	94	287	10	297	Да	Отозвано поступающим	-	-	Да	Да
Компьютерные технологии, системы и сети	15	16.07.2026 19:00	428	1074287	-		4	-	99	100	94	293	3	296	Да	Участвует в конкурсе	-	-	Да	-
Компьютерные технологии, системы и сети	15	16.07.2026 19:00	429	1986573	-		3	-	98	98	97	293	3	296	Да	Участвует в конкурсе	-	-	Да	-
Компьютерные технологии, системы и сети	15	16.07.2026 19:00	430	1580750	-		3	-	96	98	97	291	5	296	Да	Участвует в конкурсе	-	-	-	-
Компьютерные технологии, системы и сети	15	16.07.2026 19:00	431	1272720	-		3	-	94	100	97	291	5	296	Да	Участвует в конкурсе	-	-	Да	-
Компьютерные технологии, системы и сети	15	16.07.2026 19:00	432	1612531	-		6	-	100	95	91	286	10	296	Да	Участвует в конкурсе	-	-	-	-
Компьютерные технологии, системы и сети	15	16.07.2026 19:00	433	1610065	-		2	-	100	98	94	292	3	295	Да	Участвует в конкурсе	-	-	-	-
Компьютерные технологии, системы и сети	15	16.07.2026 19:00	434	1993093	-		3	-	100	98	94	292	3	295	Да	Участвует в конкурсе	-	-	Да	-
Компьютерные технологии, системы и сети	15	16.07.2026 19:00	435	1427002	-		4	-	100	93	97	290	5	295	Да	Участвует в конкурсе	-	-	Да	-
Компьютерные технологии, системы и сети	15	16.07.2026 19:00	436	1455825	-		6	-	100	90	100	290	5	295	Да	Участвует в конкурсе	-	-	Да	-
Компьютерные технологии, системы и сети	15	16.07.2026 19:00	437	1204553	-		4	-	100	90	100	290	5	295	Да	Участвует в конкурсе	-	-	-	-
Компьютерные технологии, системы и сети	15	16.07.2026 19:00	438	1642840	-		6	-	94	100	94	288	7	295	Да	Участвует в конкурсе	-	-	-	-
Компьютерные технологии, системы и сети	15	16.07.2026 19:00	439	1727373	-		3	-	100	88	97	285	10	295	Да	Участвует в конкурсе	-	-	Да	-
Компьютерные технологии, системы и сети	15	16.07.2026 19:00	440	1801537	-		3	-	92	93	100	285	10	295	Да	Участвует в конкурсе	-	-	Да	-
Компьютерные технологии, системы и сети	15	16.07.2026 19:00	441	1173115	-		3	-	100	95	97	292	2	294	Да	Участвует в конкурсе	-	-	-	-
Компьютерные технологии, системы и сети	15	16.07.2026 19:00	442	1343899	-		9	-	100	100	91	291	3	294	Да	Участвует в конкурсе	-	-	-	-
Компьютерные технологии, системы и сети	15	16.07.2026 19:00	443	1582873	-		3	-	98	93	100	291	3	294	Да	Участвует в конкурсе	-	-	-	-
Компьютерные технологии, системы и сети	15	16.07.2026 19:00	444	1829378	-		3	-	97	100	94	291	3	294	Да	Участвует в конкурсе	-	-	Да	-
Компьютерные технологии, системы и сети	15	16.07.2026 19:00	445	1401780	-		12	-	96	98	97	291	3	294	Да	Участвует в конкурсе	Да	-	Да	-
Компьютерные технологии, системы и сети	15	16.07.2026 19:00	446	1511270	-		8	-	96	98	97	291	3	294	Да	Участвует в конкурсе	-	-	Да	-
Компьютерные технологии, системы и сети	15	16.07.2026 19:00	447	1566101	-		1	-	96	95	100	291	3	294	Да	Участвует в конкурсе	-	-	-	-
Компьютерные технологии, системы и сети	15	16.07.2026 19:00	448	1422367	-		3	-	97	95	97	289	5	294	Да	Участвует в конкурсе	-	-	-	-
Компьютерные технологии, системы и сети	15	16.07.2026 19:00	449	1856287	-		4	-	96	93	100	289	5	294	Да	Участвует в конкурсе	-	-	-	-
Компьютерные технологии, системы и сети	15	16.07.2026 19:00	450	1732497	-		10	-	100	90	94	284	10	294	Да	Участвует в конкурсе	-	-	Да	-
Компьютерные технологии, системы и сети	15	16.07.2026 19:00	451	1633348	Да	Диплом олимпиады	1	-	96	98	81	275	8	283	Да	Участвует в конкурсе	-	-	Да	-
Компьютерные технологии, системы и сети	15	16.07.2026 19:00	452	2043367	Да	Диплом олимпиады	4	Да	90	90	91	271	9	280	Да	Участвует в конкурсе	-	-	Да	-
Компьютерные технологии, системы и сети	15	16.07.2026 19:00	453	1618150	-		4	-	100	100	94	294	10	304	Да	Участвует в конкурсе	-	-	-	-
Компьютерные технологии, системы и сети	15	16.07.2026 19:00	454	1823789	-		3	-	97	100	97	294	10	304	Да	Участвует в конкурсе	-	-	Да	-
Компьютерные технологии, системы и сети	15	16.07.2026 19:00	455	1484288	-		3	-	100	98	100	298	5	303	Да	Участвует в конкурсе	-	-	Да	-
Компьютерные технологии, системы и сети	15	16.07.2026 19:00	456	1533512	-		8	-	100	100	94	294	9	303	Да	Участвует в конкурсе	-	-	-	-
Компьютерные технологии, системы и сети	15	16.07.2026 19:00	457	1210337	-		5	-	100	100	97	297	5	300	Да	Отозвано поступающим	-	-	Да	Да
Компьютерные технологии, системы и сети	15	16.07.2026 19:00	458	1129308	-		4	-	100	100	97	297	5	302	Да	Участвует в конкурсе	-	-	Да	-
Компьютерные технологии, системы и сети	15	16.07.2026 19:00	459	2005384	-		7	-	97	95	100	292	10	302	Да	Участвует в конкурсе	-	-	Да	-
Компьютерные технологии, системы и сети	15	16.07.2026 19:00	460	1502047	-		3	Да	98	100	100	298	3	301	Да	Участвует в конкурсе	-	-	Да	-
Компьютерные технологии, системы и сети	15	16.07.2026 19:00	461	1628551	-		5	-	99	100	97	296	5	301	Да	Участвует в конкурсе	-	-	-	-
Компьютерные технологии, системы и сети	15	16.07.2026 19:00	462	1455709	-		12	-	100	98	97	295	5	300	Да	Участвует в конкурсе	-	-	Да	-
Компьютерные технологии, системы и сети	15	16.07.2026 19:00	463	1413259	-		3	-	98	100	97	295	5	300	Да	Участвует в конкурсе	-	-	-	-
Компьютерные технологии, системы и сети	15	16.07.2026 19:00	464	1723173	-		4	-	100	93	100	293	7	300	Да	Участвует в конкурсе	-	-	-	-
Компьютерные технологии, системы и сети	15	16.07.2026 19:00	465	2060011	-		2	-	100	93	97	290	10	300	Да	На рассмотрении	-	-	Да	-
Компьютерные технологии, системы и сети	15	16.07.2026 19:00	466	1776866	-		1	-	99	100	97	296	3	299	Да	Участвует в конкурсе	-	-	Да	-
Компьютерные технологии, системы и сети	15	16.07.2026 19:00	467	1586111	-		3	-	99	98	97	294	5	299	Да	Участвует в конкурсе	-	-	-	-
Компьютерные технологии, системы и сети	15	16.07.2026 19:00	468	1188080	-		5	-	97	98	97	292	7	299	Да	Участвует в конкурсе	-	-	Да	-
Компьютерные технологии, системы и сети	15	16.07.2026 19:00	469	1702887	-		2	-	100	100	89	289	10	299	Да	Участвует в конкурсе	-	-	Да	-
Компьютерные технологии, системы и сети	15	16.07.2026 19:00	470	1673245	-		7	-	100	98	91	289	10	299	Да	Участвует в конкурсе	-	-	Да	-
Компьютерные технологии, системы и сети	15	16.07.2026 19:00	471	1911722	-		12	-	100	98	91	289	10	299	Да	Участвует в конкурсе	-	-	Да	-
Компьютерные технологии, системы и сети	15	16.07.2026 19:00	472	1521418	-		11	-	92	100	97	289	10	299	Да	Участвует в конкурсе	-	-	Да	-
Компьютерные технологии, системы и сети	15	16.07.2026 19:00	473	1515716	-		3	-	98	100	100	298	0	298	Да	Участвует в конкурсе	-	-	-	-
Компьютерные технологии, системы и сети	15	16.07.2026 19:00	474	1482996	-		3	-	94	100	94	288	10	298	Да	Участвует в конкурсе	-	-	Да	-
Компьютерные технологии, системы и сети	15	16.07.2026 19:00	475	1999227	-		3	-	100	100	94	294	3	297	Да	Участвует в конкурсе	-	-	Да	-
Компьютерные технологии, системы и сети	15	16.07.2026 19:00	476	1897125	-		2	-	99	100	91	290	7	297	Да	Участвует в конкурсе	-	-	-	-
Компьютерные технологии, системы и сети	15	16.07.2026 19:00	477	1207871	-		4	-	100	93	94	287	10	297	Да	Отозвано поступающим	-	-	Да	Да
Компьютерные технологии, системы и сети	15	16.07.2026 19:00	478	1074287	-		4	-	99	100	94	293	3	296	Да	Участвует в конкурсе	-	-	Да	-
Компьютерные технологии, системы и сети	15	16.07.2026 19:00	479	1986573	-		3	-	98	98	97	293	3	296	Да	Участвует в конкурсе	-	-	Да	-
Компьютерные технологии, системы и сети	15	16.07.2026 19:00	480	1580750	-		3	-	96	98	97	291	5	296	Да	Участвует в конкурсе	-	-	-	-
Компьютерные технологии, системы и сети	15	16.07.2026 19:00	481	1272720	-		3	-	94	100	97	291	5	296	Да	Участвует в конкурсе	-	-	Да	-
Компьютерные технологии, системы и сети	15	16.07.2026 19:00	482	1612531	-		6	-	100	95	91	286	10	296	Да	Участвует в конкурсе	-	-	-	-
Компьютерные технологии, системы и сети	15	16.07.2026 19:00	483	1610065	-		2	-	100	98	94	292	3	295	Да	Участвует в конкурсе	-	-	-	-
Компьютерные технологии, системы и сети	15	16.07.2026 19:00	484	1993093	-		3	-	100	98	94	292	3	295	Да	Участвует в конкурсе	-	-	Да	-
Компьютерные технологии, системы и сети	15	16.07.2026 19:00	485	1427002	-		4	-	100	93	97	290	5	295	Да	Участвует в конкурсе	-	-	Да	-
Компьютерные технологии, системы и сети	15	16.07.2026 19:00	486	1455825	-		6	-	100	90	100	290	5	295	Да	Участвует в конкурсе	-	-	Да	-
Компьютерные технологии, системы и сети	15	16.07.2026 19:00	487	1204553	-		4	-	100	90	100	290	5	295	Да	Участвует в конкурсе	-	-	-	-
Компьютерные технологии, системы и сети	15	16.07.2026 19:00	488	1642840	-		6	-	94	100	94	288	7	295	Да	Участвует в конкурсе	-	-	-	-
Компьютерные технологии, системы и сети	15	16.07.2026 19:00	489	1727373	-		3	-	100	88	97	285	10	295	Да	Участвует в конкурсе	-	-	Да	-
Компьютерные технологии, системы и сети	15	16.07.2026 19:00	490	1801537	-		3	-	92	93	100	285	10	295	Да	Участвует в конкурсе	-	-	Да	-
Компьютерные технологии, системы и сети	15	16.07.2026 19:00	491	1173115	-		3	-	100	95	97	292	2	294	Да	Участвует в конкурсе	-	-	-	-
Компьютерные технологии, системы и сети	15	16.07.2026 19:00	492	1343899	-		9	-	100	100	91	291	3	294	Да	Участвует в конкурсе	-	-	-	-
Компьютерные технологии, системы и сети	15	16.07.2026 19:00	493	1582873	-		3	-	98	93	100	291	3	294	Да	Участвует в конкурсе	-	-	-	-
Компьютерные технологии, системы и сети	15	16.07.2026 19:00	494	1829378	-		3	-	97	100	94	291	3	294	Да	Участвует в конкурсе	-	-	Да	-
Компьютерные технологии, системы и сети	15	16.07.2026 19:00	495	1401780	-		12	-	96	98	97	291	3	294	Да	Участвует в конкурсе	Да	-	Да	-
Компьютерные технологии, системы и сети	15	16.07.2026 19:00	496	1511270	-		8	-	96	98	97	291	3	294	Да	Участвует в конкурсе	-	-	Да	-
Компьютерные технологии, системы и сети	15	16.07.2026 19:00	497	1566101	-		1	-	96	95	100	291	3	294	Да	Участвует в конкурсе	-	-	-	-
Компьютерные технологии, системы и сети	15	16.07.2026 19:00	498	1422367	-		3	-	97	95	97	289	5	294	Да	Участвует в конкурсе	-	-	-	-
Компьютерные технологии, системы и сети	15	16.07.2026 19:00	499	1856287	-		4	-	96	93	100	289	5	294	Да	Участвует в конкурсе	-	-	-	-
Компьютерные технологии, системы и сети	15	16.07.2026 19:00	500	1732497	-		10	-	100	90	94	284	10	294	Да	Участвует в конкурсе	-	-	Да	-
Компьютерные технологии, системы и сети	15	16.07.2026 19:00	501	1633348	Да	Диплом олимпиады	1	-	96	98	81	275	8	283	Да	Участвует в конкурсе	-	-	Да	-
Компьютерные технологии, системы и сети	15	16.07.2026 19:00	502	2043367	Да	Диплом олимпиады	4	Да	90	90	91	271	9	280	Да	Участвует в конкурсе	-	-	Да	-
Компьютерные технологии, системы и сети	15	16.07.2026 19:00	503	1618150	-		4	-	100	100	94	294	10	304	Да	Участвует в конкурсе	-	-	-	-
Компьютерные технологии, системы и сети	15	16.07.2026 19:00	504	1823789	-		3	-	97	100	97	294	10	304	Да	Участвует в конкурсе	-	-	Да	-
Компьютерные технологии, системы и сети	15	16.07.2026 19:00	505	1484288	-		3	-	100	98	100	298	5	303	Да	Участвует в конкурсе	-	-	Да	-
Компьютерные технологии, системы и сети	15	16.07.2026 19:00	506	1533512	-		8	-	100	100	94	294	9	303	Да	Участвует в конкурсе	-	-	-	-
Компьютерные технологии, системы и сети	15	16.07.2026 19:00	507	1210337	-		5	-	100	100	97	297	5	300	Да	Отозвано поступающим	-	-	Да	Да
Компьютерные технологии, системы и сети	15	16.07.2026 19:00	508	1129308	-		4	-	100	100	97	297	5	302	Да	Участвует в конкурсе	-	-	Да	-
Компьютерные технологии, системы и сети	15	16.07.2026 19:00	509	2005384	-		7	-	97	95	100	292	10	302	Да	Участвует в конкурсе	-	-	Да	-
Компьютерные технологии, системы и сети	15	16.07.2026 19:00	510	1502047	-		3	Да	98	100	100	298	3	301	Да	Участвует в конкурсе	-	-	Да	-
Компьютерные технологии, системы и сети	15	16.07.2026 19:00	511	1628551	-		5	-	99	100	97	296	5	301	Да	Участвует в конкурсе	-	-	-	-
Компьютерные технологии, системы и сети	15	16.07.2026 19:00	512	1455709	-		12	-	100	98	97	295	5	300	Да	Участвует в конкурсе	-	-	Да	-
Компьютерные технологии, системы и сети	15	16.07.2026 19:00	513	1413259	-		3	-	98	100	97	295	5	300	Да	Участвует в конкурсе	-	-	-	-
Компьютерные технологии, системы и сети	15	16.07.2026 19:00	514	1723173	-		4	-	100	93	100	293	7	300	Да	Участвует в конкурсе	-	-	-	-
Компьютерные технологии, системы и сети	15	16.07.2026 19:00	515	2060011	-		2	-	100	93	97	290	10	300	Да	На рассмотрении	-	-	Да	-
Компьютерные технологии, системы и сети	15	16.07.2026 19:00	516	1776866	-		1	-	99	100	97	296	3	299	Да	Участвует в конкурсе	-	-	Да	-
Компьютерные технологии, системы и сети	15	16.07.2026 19:00	517	1586111	-		3	-	99	98	97	294	5	299	Да	Участвует в конкурсе	-	-	-	-
Компьютерные технологии, системы и сети	15	16.07.2026 19:00	518	1188080	-		5	-	97	98	97	292	7	299	Да	Участвует в конкурсе	-	-	Да	-
Компьютерные технологии, системы и сети	15	16.07.2026 19:00	519	1702887	-		2	-	100	100	89	289	10	299	Да	Участвует в конкурсе	-	-	Да	-
Компьютерные технологии, системы и сети	15	16.07.2026 19:00	520	1673245	-		7	-	100	98	91	289	10	299	Да	Участвует в конкурсе	-	-	Да	-
Компьютерные технологии, системы и сети	15	16.07.2026 19:00	521	1911722	-		12	-	100	98	91	289	10	299	Да	Участвует в конкурсе	-	-	Да	-
Компьютерные технологии, системы и сети	15	16.07.2026 19:00	522	1521418	-		11	-	92	100	97	289	10	299	Да	Участвует в конкурсе	-	-	Да	-
Компьютерные технологии, системы и сети	15	16.07.2026 19:00	523	1515716	-		3	-	98	100	100	298	0	298	Да	Участвует в конкурсе	-	-	-	-
Компьютерные технологии, системы и сети	15	16.07.2026 19:00	524	1482996	-		3	-	94	100	94	288	10	298	Да	Участвует в конкурсе	-	-	Да	-
Компьютерные технологии, системы и сети	15	16.07.2026 19:00	525	1999227	-		3	-	100	100	94	294	3	297	Да	Участвует в конкурсе	-	-	Да	-
Компьютерные технологии, системы и сети	15	16.07.2026 19:00	526	1897125	-		2	-	99	100	91	290	7	297	Да	Участвует в конкурсе	-	-	-	-
Компьютерные технологии, системы и сети	15	16.07.2026 19:00	527	1207871	-		4	-	100	93	94	287	10	297	Да	Отозвано поступающим	-	-	Да	Да
Компьютерные технологии, системы и сети	15	16.07.2026 19:00	528	1074287	-		4	-	99	100	94	293	3	296	Да	Участвует в конкурсе	-	-	Да	-
Компьютерные технологии, системы и сети	15	16.07.2026 19:00	529	1986573	-		3	-	98	98	97	293	3	296	Да	Участвует в конкурсе	-	-	Да	-
Компьютерные технологии, системы и сети	15	16.07.2026 19:00	530	1580750	-		3	-	96	98	97	291	5	296	Да	Участвует в конкурсе	-	-	-	-
Компьютерные технологии, системы и сети	15	16.07.2026 19:00	531	1272720	-		3	-	94	100	97	291	5	296	Да	Участвует в конкурсе	-	-	Да	-
Компьютерные технологии, системы и сети	15	16.07.2026 19:00	532	1612531	-		6	-	100	95	91	286	10	296	Да	Участвует в конкурсе	-	-	-	-
Компьютерные технологии, системы и сети	15	16.07.2026 19:00	533	1610065	-		2	-	100	98	94	292	3	295	Да	Участвует в конкурсе	-	-	-	-
Компьютерные технологии, системы и сети	15	16.07.2026 19:00	534	1993093	-		3	-	100	98	94	292	3	295	Да	Участвует в конкурсе	-	-	Да	-
Компьютерные технологии, системы и сети	15	16.07.2026 19:00	535	1427002	-		4	-	100	93	97	290	5	295	Да	Участвует в конкурсе	-	-	Да	-
Компьютерные технологии, системы и сети	15	16.07.2026 19:00	536	1455825	-		6	-	100	90	100	290	5	295	Да	Участвует в конкурсе	-	-	Да	-
Компьютерные технологии, системы и сети	15	16.07.2026 19:00	537	1204553	-		4	-	100	90	100	290	5	295	Да	Участвует в конкурсе	-	-	-	-
Компьютерные технологии, системы и сети	15	16.07.2026 19:00	538	1642840	-		6	-	94	100	94	288	7	295	Да	Участвует в конкурсе	-	-	-	-
Компьютерные технологии, системы и сети	15	16.07.2026 19:00	539	1727373	-		3	-	100	88	97	285	10	295	Да	Участвует в конкурсе	-	-	Да	-
Компьютерные технологии, системы и сети	15	16.07.2026 19:00	540	1801537	-		3	-	92	93	100	285	10	295	Да	Участвует в конкурсе	-	-	Да	-
Компьютерные технологии, системы и сети	15	16.07.2026 19:00	541	1173115	-		3	-	100	95	97	292	2	294	Да	Участвует в конкурсе	-	-	-	-
Компьютерные технологии, системы и сети	15	16.07.2026 19:00	542	1343899	-		9	-	100	100	91	291	3	294	Да	Участвует в конкурсе	-	-	-	-
Компьютерные технологии, системы и сети	15	16.07.2026 19:00	543	1582873	-		3	-	98	93	100	291	3	294	Да	Участвует в конкурсе	-	-	-	-
Компьютерные технологии, системы и сети	15	16.07.2026 19:00	544	1829378	-		3	-	97	100	94	291	3	294	Да	Участвует в конкурсе	-	-	Да	-
Компьютерные технологии, системы и сети	15	16.07.2026 19:00	545	1401780	-		12	-	96	98	97	291	3	294	Да	Участвует в конкурсе	Да	-	Да	-
Компьютерные технологии, системы и сети	15	16.07.2026 19:00	546	1511270	-		8	-	96	98	97	291	3	294	Да	Участвует в конкурсе	-	-	Да	-
Компьютерные технологии, системы и сети	15	16.07.2026 19:00	547	1566101	-		1	-	96	95	100	291	3	294	Да	Участвует в конкурсе	-	-	-	-
Компьютерные технологии, системы и сети	15	16.07.2026 19:00	548	1422367	-		3	-	97	95	97	289	5	294	Да	Участвует в конкурсе	-	-	-	-
Компьютерные технологии, системы и сети	15	16.07.2026 19:00	549	1856287	-		4	-	96	93	100	289	5	294	Да	Участвует в конкурсе	-	-	-	-
Компьютерные технологии, системы и сети	15	16.07.2026 19:00	550	1732497	-		10	-	100	90	94	284	10	294	Да	Участвует в конкурсе	-	-	Да	-
Компьютерные технологии, системы и сети	15	16.07.2026 19:00	551	1633348	Да	Диплом олимпиады	1	-	96	98	81	275	8	283	Да	Участвует в конкурсе	-	-	Да	-
Компьютерные технологии, системы и сети	15	16.07.2026 19:00	552	2043367	Да	Диплом олимпиады	4	Да	90	90	91	271	9	280	Да	Участвует в конкурсе	-	-	Да	-
Компьютерные технологии, системы и сети	15	16.07.2026 19:00	553	1618150	-		4	-	100	100	94	294	10	304	Да	Участвует в конкурсе	-	-	-	-
Компьютерные технологии, системы и сети	15	16.07.2026 19:00	554	1823789	-		3	-	97	100	97	294	10	304	Да	Участвует в конкурсе	-	-	Да	-
Компьютерные технологии, системы и сети	15	16.07.2026 19:00	555	1484288	-		3	-	100	98	100	298	5	303	Да	Участвует в конкурсе	-	-	Да	-
Компьютерные технологии, системы и сети	15	16.07.2026 19:00	556	1533512	-		8	-	100	100	94	294	9	303	Да	Участвует в конкурсе	-	-	-	-
Компьютерные технологии, системы и сети	15	16.07.2026 19:00	557	1210337	-		5	-	100	100	97	297	5	300	Да	Отозвано поступающим	-	-	Да	Да
Компьютерные технологии, системы и сети	15	16.07.2026 19:00	558	1129308	-		4	-	100	100	97	297	5	302	Да	Участвует в конкурсе	-	-	Да	-
Компьютерные технологии, системы и сети	15	16.07.2026 19:00	559	2005384	-		7	-	97	95	100	292	10	302	Да	Участвует в конкурсе	-	-	Да	-
Компьютерные технологии, системы и сети	15	16.07.2026 19:00	560	1502047	-		3	Да	98	100	100	298	3	301	Да	Участвует в конкурсе	-	-	Да	-
Компьютерные технологии, системы и сети	15	16.07.2026 19:00	561	1628551	-		5	-	99	100	97	296	5	301	Да	Участвует в конкурсе	-	-	-	-
Компьютерные технологии, системы и сети	15	16.07.2026 19:00	562	1455709	-		12	-	100	98	97	295	5	300	Да	Участвует в конкурсе	-	-	Да	-
Компьютерные технологии, системы и сети	15	16.07.2026 19:00	563	1413259	-		3	-	98	100	97	295	5	300	Да	Участвует в конкурсе	-	-	-	-
Компьютерные технологии, системы и сети	15	16.07.2026 19:00	564	1723173	-		4	-	100	93	100	293	7	300	Да	Участвует в конкурсе	-	-	-	-
Компьютерные технологии, системы и сети	15	16.07.2026 19:00	565	2060011	-		2	-	100	93	97	290	10	300	Да	На рассмотрении	-	-	Да	-
Компьютерные технологии, системы и сети	15	16.07.2026 19:00	566	1776866	-		1	-	99	100	97	296	3	299	Да	Участвует в конкурсе	-	-	Да	-
Компьютерные технологии, системы и сети	15	16.07.2026 19:00	567	1586111	-		3	-	99	98	97	294	5	299	Да	Участвует в конкурсе	-	-	-	-
Компьютерные технологии, системы и сети	15	16.07.2026 19:00	568	1188080	-		5	-	97	98	97	292	7	299	Да	Участвует в конкурсе	-	-	Да	-
Компьютерные технологии, системы и сети	15	16.07.2026 19:00	569	1702887	-		2	-	100	100	89	289	10	299	Да	Участвует в конкурсе	-	-	Да	-
Компьютерные технологии, системы и сети	15	16.07.2026 19:00	570	1673245	-		7	-	100	98	91	289	10	299	Да	Участвует в конкурсе	-	-	Да	-
Компьютерные технологии, системы и сети	15	16.07.2026 19:00	571	1911722	-		12	-	100	98	91	289	10	299	Да	Участвует в конкурсе	-	-	Да	-
Компьютерные технологии, системы и сети	15	16.07.2026 19:00	572	1521418	-		11	-	92	100	97	289	10	299	Да	Участвует в конкурсе	-	-	Да	-
Компьютерные технологии, системы и сети	15	16.07.2026 19:00	573	1515716	-		3	-	98	100	100	298	0	298	Да	Участвует в конкурсе	-	-	-	-
Компьютерные технологии, системы и сети	15	16.07.2026 19:00	574	1482996	-		3	-	94	100	94	288	10	298	Да	Участвует в конкурсе	-	-	Да	-
Компьютерные технологии, системы и сети	15	16.07.2026 19:00	575	1999227	-		3	-	100	100	94	294	3	297	Да	Участвует в конкурсе	-	-	Да	-
Компьютерные технологии, системы и сети	15	16.07.2026 19:00	576	1897125	-		2	-	99	100	91	290	7	297	Да	Участвует в конкурсе	-	-	-	-
Компьютерные технологии, системы и сети	15	16.07.2026 19:00	577	1207871	-		4	-	100	93	94	287	10	297	Да	Отозвано поступающим	-	-	Да	Да
Компьютерные технологии, системы и сети	15	16.07.2026 19:00	578	1074287	-		4	-	99	100	94	293	3	296	Да	Участвует в конкурсе	-	-	Да	-
Компьютерные технологии, системы и сети	15	16.07.2026 19:00	579	1986573	-		3	-	98	98	97	293	3	296	Да	Участвует в конкурсе	-	-	Да	-
Компьютерные технологии, системы и сети	15	16.07.2026 19:00	580	1580750	-		3	-	96	98	97	291	5	296	Да	Участвует в конкурсе	-	-	-	-
Компьютерные технологии, системы и сети	15	16.07.2026 19:00	581	1272720	-		3	-	94	100	97	291	5	296	Да	Участвует в конкурсе	-	-	Да	-
Компьютерные технологии, системы и сети	15	16.07.2026 19:00	582	1612531	-		6	-	100	95	91	286	10	296	Да	Участвует в конкурсе	-	-	-	-
Компьютерные технологии, системы и сети	15	16.07.2026 19:00	583	1610065	-		2	-	100	98	94	292	3	295	Да	Участвует в конкурсе	-	-	-	-
Компьютерные технологии, системы и сети	15	16.07.2026 19:00	584	1993093	-		3	-	100	98	94	292	3	295	Да	Участвует в конкурсе	-	-	Да	-
Компьютерные технологии, системы и сети	15	16.07.2026 19:00	585	1427002	-		4	-	100	93	97	290	5	295	Да	Участвует в конкурсе	-	-	Да	-
Компьютерные технологии, системы и сети	15	16.07.2026 19:00	586	1455825	-		6	-	100	90	100	290	5	295	Да	Участвует в конкурсе	-	-	Да	-
Компьютерные технологии, системы и сети	15	16.07.2026 19:00	587	1204553	-		4	-	100	90	100	290	5	295	Да	Участвует в конкурсе	-	-	-	-
Компьютерные технологии, системы и сети	15	16.07.2026 19:00	588	1642840	-		6	-	94	100	94	288	7	295	Да	Участвует в конкурсе	-	-	-	-
Компьютерные технологии, системы и сети	15	16.07.2026 19:00	589	1727373	-		3	-	100	88	97	285	10	295	Да	Участвует в конкурсе	-	-	Да	-
Компьютерные технологии, системы и сети	15	16.07.2026 19:00	590	1801537	-		3	-	92	93	100	285	10	295	Да	Участвует в конкурсе	-	-	Да	-
Компьютерные технологии, системы и сети	15	16.07.2026 19:00	591	1173115	-		3	-	100	95	97	292	2	294	Да	Участвует в конкурсе	-	-	-	-
Компьютерные технологии, системы и сети	15	16.07.2026 19:00	592	1343899	-		9	-	100	100	91	291	3	294	Да	Участвует в конкурсе	-	-	-	-
Компьютерные технологии, системы и сети	15	16.07.2026 19:00	593	1582873	-		3	-	98	93	100	291	3	294	Да	Участвует в конкурсе	-	-	-	-
Компьютерные технологии, системы и сети	15	16.07.2026 19:00	594	1829378	-		3	-	97	100	94	291	3	294	Да	Участвует в конкурсе	-	-	Да	-
Компьютерные технологии, системы и сети	15	16.07.2026 19:00	595	1401780	-		12	-	96	98	97	291	3	294	Да	Участвует в конкурсе	Да	-	Да	-
Компьютерные технологии, системы и сети	15	16.07.2026 19:00	596	1511270	-		8	-	96	98	97	291	3	294	Да	Участвует в конкурсе	-	-	Да	-
Компьютерные технологии, системы и сети	15	16.07.2026 19:00	597	1566101	-		1	-	96	95	100	291	3	294	Да	Участвует в конкурсе	-	-	-	-
Компьютерные технологии, системы и сети	15	16.07.2026 19:00	598	1422367	-		3	-	97	95	97	289	5	294	Да	Участвует в конкурсе	-	-	-	-
Компьютерные технологии, системы и сети	15	16.07.2026 19:00	599	1856287	-		4	-	96	93	100	289	5	294	Да	Участвует в конкурсе	-	-	-	-
Компьютерные технологии, системы и сети	15	16.07.2026 19:00	600	1732497	-		10	-	100	90	94	284	10	294	Да	Участвует в конкурсе	-	-	Да	-
Компьютерные технологии, системы и сети	15	16.07.2026 19:00	601	1633348	Да	Диплом олимпиады	1	-	96	98	81	275	8	283	Да	Участвует в конкурсе	-	-	Да	-
Компьютерные технологии, системы и сети	15	16.07.2026 19:00	602	2043367	Да	Диплом олимпиады	4	Да	90	90	91	271	9	280	Да	Участвует в конкурсе	-	-	Да	-
Компьютерные технологии, системы и сети	15	16.07.2026 19:00	603	1618150	-		4	-	100	100	94	294	10	304	Да	Участвует в конкурсе	-	-	-	-
Компьютерные технологии, системы и сети	15	16.07.2026 19:00	604	1823789	-		3	-	97	100	97	294	10	304	Да	Участвует в конкурсе	-	-	Да	-
Компьютерные технологии, системы и сети	15	16.07.2026 19:00	605	1484288	-		3	-	100	98	100	298	5	303	Да	Участвует в конкурсе	-	-	Да	-
Компьютерные технологии, системы и сети	15	16.07.2026 19:00	606	1533512	-		8	-	100	100	94	294	9	303	Да	Участвует в конкурсе	-	-	-	-
Компьютерные технологии, системы и сети	15	16.07.2026 19:00	607	1210337	-		5	-	100	100	97	297	5	300	Да	Отозвано поступающим	-	-	Да	Да
Компьютерные технологии, системы и сети	15	16.07.2026 19:00	608	1129308	-		4	-	100	100	97	297	5	302	Да	Участвует в конкурсе	-	-	Да	-
Компьютерные технологии, системы и сети	15	16.07.2026 19:00	609	2005384	-		7	-	97	95	100	292	10	302	Да	Участвует в конкурсе	-	-	Да	-
Компьютерные технологии, системы и сети	15	16.07.2026 19:00	610	1502047	-		3	Да	98	100	100	298	3	301	Да	Участвует в конкурсе	-	-	Да	-
Компьютерные технологии, системы и сети	15	16.07.2026 19:00	611	1628551	-		5	-	99	100	97	296	5	301	Да	Участвует в конкурсе	-	-	-	-
Компьютерные технологии, системы и сети	15	16.07.2026 19:00	612	1455709	-		12	-	100	98	97	295	5	300	Да	Участвует в конкурсе	-	-	Да	-
Компьютерные технологии, системы и сети	15	16.07.2026 19:00	613	1413259	-		3	-	98	100	97	295	5	300	Да	Участвует в конкурсе	-	-	-	-
Компьютерные технологии, системы и сети	15	16.07.2026 19:00	614	1723173	-		4	-	100	93	100	293	7	300	Да	Участвует в конкурсе	-	-	-	-
Компьютерные технологии, системы и сети	15	16.07.2026 19:00	615	2060011	-		2	-	100	93	97	290	10	300	Да	На рассмотрении	-	-	Да	-
Компьютерные технологии, системы и сети	15	16.07.2026 19:00	616	1776866	-		1	-	99	100	97	296	3	299	Да	Участвует в конкурсе	-	-	Да	-
Компьютерные технологии, системы и сети	15	16.07.2026 19:00	617	1586111	-		3	-	99	98	97	294	5	299	Да	Участвует в конкурсе	-	-	-	-
Компьютерные технологии, системы и сети	15	16.07.2026 19:00	618	1188080	-		5	-	97	98	97	292	7	299	Да	Участвует в конкурсе	-	-	Да	-
Компьютерные технологии, системы и сети	15	16.07.2026 19:00	619	1702887	-		2	-	100	100	89	289	10	299	Да	Участвует в конкурсе	-	-	Да	-
Компьютерные технологии, системы и сети	15	16.07.2026 19:00	620	1673245	-		7	-	100	98	91	289	10	299	Да	Участвует в конкурсе	-	-	Да	-
Компьютерные технологии, системы и сети	15	16.07.2026 19:00	621	1911722	-		12	-	100	98	91	289	10	299	Да	Участвует в конкурсе	-	-	Да	-
Компьютерные технологии, системы и сети	15	16.07.2026 19:00	622	1521418	-		11	-	92	100	97	289	10	299	Да	Участвует в конкурсе	-	-	Да	-
Компьютерные технологии, системы и сети	15	16.07.2026 19:00	623	1515716	-		3	-	98	100	100	298	0	298	Да	Участвует в конкурсе	-	-	-	-
Компьютерные технологии, системы и сети	15	16.07.2026 19:00	624	1482996	-		3	-	94	100	94	288	10	298	Да	Участвует в конкурсе	-	-	Да	-
Компьютерные технологии, системы и сети	15	16.07.2026 19:00	625	1999227	-		3	-	100	100	94	294	3	297	Да	Участвует в конкурсе	-	-	Да	-
Компьютерные технологии, системы и сети	15	16.07.2026 19:00	626	1897125	-		2	-	99	100	91	290	7	297	Да	Участвует в конкурсе	-	-	-	-
Компьютерные технологии, системы и сети	15	16.07.2026 19:00	627	1207871	-		4	-	100	93	94	287	10	297	Да	Отозвано поступающим	-	-	Да	Да
Компьютерные технологии, системы и сети	15	16.07.2026 19:00	628	1074287	-		4	-	99	100	94	293	3	296	Да	Участвует в конкурсе	-	-	Да	-
Компьютерные технологии, системы и сети	15	16.07.2026 19:00	629	1986573	-		3	-	98	98	97	293	3	296	Да	Участвует в конкурсе	-	-	Да	-
Компьютерные технологии, системы и сети	15	16.07.2026 19:00	630	1580750	-		3	-	96	98	97	291	5	296	Да	Участвует в конкурсе	-	-	-	-
Компьютерные технологии, системы и сети	15	16.07.2026 19:00	631	1272720	-		3	-	94	100	97	291	5	296	Да	Участвует в конкурсе	-	-	Да	-
Компьютерные технологии, системы и сети	15	16.07.2026 19:00	632	1612531	-		6	-	100	95	91	286	10	296	Да	Участвует в конкурсе	-	-	-	-
Компьютерные технологии, системы и сети	15	16.07.2026 19:00	633	1610065	-		2	-	100	98	94	292	3	295	Да	Участвует в конкурсе	-	-	-	-
Компьютерные технологии, системы и сети	15	16.07.2026 19:00	634	1993093	-		3	-	100	98	94	292	3	295	Да	Участвует в конкурсе	-	-	Да	-
Компьютерные технологии, системы и сети	15	16.07.2026 19:00	635	1427002	-		4	-	100	93	97	290	5	295	Да	Участвует в конкурсе	-	-	Да	-
Компьютерные технологии, системы и сети	15	16.07.2026 19:00	636	1455825	-		6	-	100	90	100	290	5	295	Да	Участвует в конкурсе	-	-	Да	-
Компьютерные технологии, системы и сети	15	16.07.2026 19:00	637	1204553	-		4	-	100	90	100	290	5	295	Да	Участвует в конкурсе	-	-	-	-
Компьютерные технологии, системы и сети	15	16.07.2026 19:00	638	1642840	-		6	-	94	100	94	288	7	295	Да	Участвует в конкурсе	-	-	-	-
Компьютерные технологии, системы и сети	15	16.07.2026 19:00	639	1727373	-		3	-	100	88	97	285	10	295	Да	Участвует в конкурсе	-	-	Да	-
Компьютерные технологии, системы и сети	15	16.07.2026 19:00	640	1801537	-		3	-	92	93	100	285	10	295	Да	Участвует в конкурсе	-	-	Да	-
Компьютерные технологии, системы и сети	15	16.07.2026 19:00	641	1173115	-		3	-	100	95	97	292	2	294	Да	Участвует в конкурсе	-	-	-	-
Компьютерные технологии, системы и сети	15	16.07.2026 19:00	642	1343899	-		9	-	100	100	91	291	3	294	Да	Участвует в конкурсе	-	-	-	-
Компьютерные технологии, системы и сети	15	16.07.2026 19:00	643	1582873	-		3	-	98	93	100	291	3	294	Да	Участвует в конкурсе	-	-	-	-
Компьютерные технологии, системы и сети	15	16.07.2026 19:00	644	1829378	-		3	-	97	100	94	291	3	294	Да	Участвует в конкурсе	-	-	Да	-
Компьютерные технологии, системы и сети	15	16.07.2026 19:00	645	1401780	-		12	-	96	98	97	291	3	294	Да	Участвует в конкурсе	Да	-	Да	-
Компьютерные технологии, системы и сети	15	16.07.2026 19:00	646	1511270	-		8	-	96	98	97	291	3	294	Да	Участвует в конкурсе	-	-	Да	-
Компьютерные технологии, системы и сети	15	16.07.2026 19:00	647	1566101	-		1	-	96	95	100	291	3	294	Да	Участвует в конкурсе	-	-	-	-
Компьютерные технологии, системы и сети	15	16.07.2026 19:00	648	1422367	-		3	-	97	95	97	289	5	294	Да	Участвует в конкурсе	-	-	-	-
Компьютерные технологии, системы и сети	15	16.07.2026 19:00	649	1856287	-		4	-	96	93	100	289	5	294	Да	Участвует в конкурсе	-	-	-	-
Компьютерные технологии, системы и сети	15	16.07.2026 19:00	650	1732497	-		10	-	100	90	94	284	10	294	Да	Участвует в конкурсе	-	-	Да	-
Компьютерные технологии, системы и сети	15	16.07.2026 19:00	651	1633348	Да	Диплом олимпиады	1	-	96	98	81	275	8	283	Да	Участвует в конкурсе	-	-	Да	-
Компьютерные технологии, системы и сети	15	16.07.2026 19:00	652	2043367	Да	Диплом олимпиады	4	Да	90	90	91	271	9	280	Да	Участвует в конкурсе	-	-	Да	-
Компьютерные технологии, системы и сети	15	16.07.2026 19:00	653	1618150	-		4	-	100	100	94	294	10	304	Да	Участвует в конкурсе	-	-	-	-
Компьютерные технологии, системы и сети	15	16.07.2026 19:00	654	1823789	-		3	-	97	100	97	294	10	304	Да	Участвует в конкурсе	-	-	Да	-
Компьютерные технологии, системы и сети	15	16.07.2026 19:00	655	1484288	-		3	-	100	98	100	298	5	303	Да	Участвует в конкурсе	-	-	Да	-
Компьютерные технологии, системы и сети	15	16.07.2026 19:00	656	1533512	-		8	-	100	100	94	294	9	303	Да	Участвует в конкурсе	-	-	-	-
Компьютерные технологии, системы и сети	15	16.07.2026 19:00	657	1210337	-		5	-	100	100	97	297	5	300	Да	Отозвано поступающим	-	-	Да	Да
Компьютерные технологии, системы и сети	15	16.07.2026 19:00	658	1129308	-		4	-	100	100	97	297	5	302	Да	Участвует в конкурсе	-	-	Да	-
Компьютерные технологии, системы и сети	15	16.07.2026 19:00	659	2005384	-		7	-	97	95	100	292	10	302	Да	Участвует в конкурсе	-	-	Да	-
Компьютерные технологии, системы и сети	15	16.07.2026 19:00	660	1502047	-		3	Да	98	100	100	298	3	301	Да	Участвует в конкурсе	-	-	Да	-
Компьютерные технологии, системы и сети	15	16.07.2026 19:00	661	1628551	-		5	-	99	100	97	296	5	301	Да	Участвует в конкурсе	-	-	-	-
Компьютерные технологии, системы и сети	15	16.07.2026 19:00	662	1455709	-		12	-	100	98	97	295	5	300	Да	Участвует в конкурсе	-	-	Да	-
Компьютерные технологии, системы и сети	15	16.07.2026 19:00	663	1413259	-		3	-	98	100	97	295	5	300	Да	Участвует в конкурсе	-	-	-	-
Компьютерные технологии, системы и сети	15	16.07.2026 19:00	664	1723173	-		4	-	100	93	100	293	7	300	Да	Участвует в конкурсе	-	-	-	-
Компьютерные технологии, системы и сети	15	16.07.2026 19:00	665	2060011	-		2	-	100	93	97	290	10	300	Да	На рассмотрении	-	-	Да	-
Компьютерные технологии, системы и сети	15	16.07.2026 19:00	666	1776866	-		1	-	99	100	97	296	3	299	Да	Участвует в конкурсе	-	-	Да	-
Компьютерные технологии, системы и сети	15	16.07.2026 19:00	667	1586111	-		3	-	99	98	97	294	5	299	Да	Участвует в конкурсе	-	-	-	-
Компьютерные технологии, системы и сети	15	16.07.2026 19:00	668	1188080	-		5	-	97	98	97	292	7	299	Да	Участвует в конкурсе	-	-	Да	-
Компьютерные технологии, системы и сети	15	16.07.2026 19:00	669	1702887	-		2	-	100	100	89	289	10	299	Да	Участвует в конкурсе	-	-	Да	-
Компьютерные технологии, системы и сети	15	16.07.2026 19:00	670	1673245	-		7	-	100	98	91	289	10	299	Да	Участвует в конкурсе	-	-	Да	-
Компьютерные технологии, системы и сети	15	16.07.2026 19:00	671	1911722	-		12	-	100	98	91	289	10	299	Да	Участвует в конкурсе	-	-	Да	-
Компьютерные технологии, системы и сети	15	16.07.2026 19:00	672	1521418	-		11	-	92	100	97	289	10	299	Да	Участвует в конкурсе	-	-	Да	-
Компьютерные технологии, системы и сети	15	16.07.2026 19:00	673	1515716	-		3	-	98	100	100	298	0	298	Да	Участвует в конкурсе	-	-	-	-
Компьютерные технологии, системы и сети	15	16.07.2026 19:00	674	1482996	-		3	-	94	100	94	288	10	298	Да	Участвует в конкурсе	-	-	Да	-
Компьютерные технологии, системы и сети	15	16.07.2026 19:00	675	1999227	-		3	-	100	100	94	294	3	297	Да	Участвует в конкурсе	-	-	Да	-
Компьютерные технологии, системы и сети	15	16.07.2026 19:00	676	1897125	-		2	-	99	100	91	290	7	297	Да	Участвует в конкурсе	-	-	-	-
Компьютерные технологии, системы и сети	15	16.07.2026 19:00	677	1207871	-		4	-	100	93	94	287	10	297	Да	Отозвано поступающим	-	-	Да	Да
Компьютерные технологии, системы и сети	15	16.07.2026 19:00	678	1074287	-		4	-	99	100	94	293	3	296	Да	Участвует в конкурсе	-	-	Да	-
Компьютерные технологии, системы и сети	15	16.07.2026 19:00	679	1986573	-		3	-	98	98	97	293	3	296	Да	Участвует в конкурсе	-	-	Да	-
Компьютерные технологии, системы и сети	15	16.07.2026 19:00	680	1580750	-		3	-	96	98	97	291	5	296	Да	Участвует в конкурсе	-	-	-	-
Компьютерные технологии, системы и сети	15	16.07.2026 19:00	681	1272720	-		3	-	94	100	97	291	5	296	Да	Участвует в конкурсе	-	-	Да	-
Компьютерные технологии, системы и сети	15	16.07.2026 19:00	682	1612531	-		6	-	100	95	91	286	10	296	Да	Участвует в конкурсе	-	-	-	-
Компьютерные технологии, системы и сети	15	16.07.2026 19:00	683	1610065	-		2	-	100	98	94	292	3	295	Да	Участвует в конкурсе	-	-	-	-
Компьютерные технологии, системы и сети	15	16.07.2026 19:00	684	1993093	-		3	-	100	98	94	292	3	295	Да	Участвует в конкурсе	-	-	Да	-
Компьютерные технологии, системы и сети	15	16.07.2026 19:00	685	1427002	-		4	-	100	93	97	290	5	295	Да	Участвует в конкурсе	-	-	Да	-
Компьютерные технологии, системы и сети	15	16.07.2026 19:00	686	1455825	-		6	-	100	90	100	290	5	295	Да	Участвует в конкурсе	-	-	Да	-
Компьютерные технологии, системы и сети	15	16.07.2026 19:00	687	1204553	-		4	-	100	90	100	290	5	295	Да	Участвует в конкурсе	-	-	-	-
Компьютерные технологии, системы и сети	15	16.07.2026 19:00	688	1642840	-		6	-	94	100	94	288	7	295	Да	Участвует в конкурсе	-	-	-	-
Компьютерные технологии, системы и сети	15	16.07.2026 19:00	689	1727373	-		3	-	100	88	97	285	10	295	Да	Участвует в конкурсе	-	-	Да	-
Компьютерные технологии, системы и сети	15	16.07.2026 19:00	690	1801537	-		3	-	92	93	100	285	10	295	Да	Участвует в конкурсе	-	-	Да	-
Компьютерные технологии, системы и сети	15	16.07.2026 19:00	691	1173115	-		3	-	100	95	97	292	2	294	Да	Участвует в конкурсе	-	-	-	-
Компьютерные технологии, системы и сети	15	16.07.2026 19:00	692	1343899	-		9	-	100	100	91	291	3	294	Да	Участвует в конкурсе	-	-	-	-
Компьютерные технологии, системы и сети	15	16.07.2026 19:00	693	1582873	-		3	-	98	93	100	291	3	294	Да	Участвует в конкурсе	-	-	-	-
Компьютерные технологии, системы и сети	15	16.07.2026 19:00	694	1829378	-		3	-	97	100	94	291	3	294	Да	Участвует в конкурсе	-	-	Да	-
Компьютерные технологии, системы и сети	15	16.07.2026 19:00	695	1401780	-		12	-	96	98	97	291	3	294	Да	Участвует в конкурсе	Да	-	Да	-
Компьютерные технологии, системы и сети	15	16.07.2026 19:00	696	1511270	-		8	-	96	98	97	291	3	294	Да	Участвует в конкурсе	-	-	Да	-
Компьютерные технологии, системы и сети	15	16.07.2026 19:00	697	1566101	-		1	-	96	95	100	291	3	294	Да	Участвует в конкурсе	-	-	-	-
Компьютерные технологии, системы и сети	15	16.07.2026 19:00	698	1422367	-		3	-	97	95	97	289	5	294	Да	Участвует в конкурсе	-	-	-	-
Компьютерные технологии, системы и сети	15	16.07.2026 19:00	699	1856287	-		4	-	96	93	100	289	5	294	Да	Участвует в конкурсе	-	-	-	-
Компьютерные технологии, системы и сети	15	16.07.2026 19:00	700	1732497	-		10	-	100	90	94	284	10	294	Да	Участвует в конкурсе	-	-	Да	-